hours,EQE
0,0.0026916751761375058
168,0.004203415569858846
336,0.12940236527576643
504,0.18074474163829782
528,0.11862247084090045
840,0.3358623184440168
1008,0.25483330251987857
1176,0.24479390993085426
