hours,EQE
0,0.0033258521384221416
168,0.0040747499886874755
336,0.05820787109028618
504,0.21270369090694963
528,0.16821536880968538
840,0.3434432163411898
1008,0.3129890660516141
1176,0.2501029866919193
