Wavelength (nm),EQE pixel 1,EQE pixel 2,EQE pixel 3,EQE pixel 4,EQE pixel 5,EQE pixel 6,EQE pixel 7,EQE pixel 8
729.968,0.5160348356630987,0.4658236806908122,0.3761035789067737,0.37496209725012053,0.2645234409228616,0.3683604361291378,0.4224840662492355,0.3253447023425705
740.018,0.45684453496253247,0.41030238827473664,0.3201778417149546,0.32498173390306945,0.24631210889490235,0.3216025658935514,0.35825785571035607,0.2819799754841996
749.981,0.3696646954069391,0.32729594262706024,0.25137010086864703,0.2520547338852559,0.2144607657474278,0.2551270157742355,0.2729892706441587,0.2225603532311559
