Wavelength (nm),EQE pixel 1,EQE pixel 2,EQE pixel 3,EQE pixel 4,EQE pixel 5,EQE pixel 6,EQE pixel 7,EQE pixel 8
729.991,0.005905611894465659,0.005503021187120075,0.004540755416289057,0.005110050020923357,0.007780665596038066,0.005351508249946379,0.004244515198672305,0.0053562025689869635
739.964,0.003210028457902555,0.00306637366552277,0.0028155929939564788,0.003184628768955522,0.0037093387189882678,0.003028410872838599,0.0027154120103120936,0.0032238816076878797
750.007,0.0023542287002234746,0.0022870661975298817,0.002221291603490492,0.002448148191485944,0.002508369768590719,0.0022534407915064123,0.0021411227973736646,0.0023997073353255434
