Wavelength (nm),EQE pixel 1,EQE pixel 2,EQE pixel 3,EQE pixel 4,EQE pixel 5,EQE pixel 6,EQE pixel 7,EQE pixel 8
729.968,0.517571724995387,0.5231656521866769,0.4872258272865312,0.44219444807567676,0.4492496795307522,0.4062541689249163,0.46858068415066617,0.40082205807359783
740.018,0.44839435795032323,0.4380335676970361,0.41215024813750345,0.33164503866945766,0.3867153464134808,0.34070112994774515,0.4015619483451271,0.311341652977885
749.981,0.35623878189459535,0.32767750479886204,0.31334318305206305,0.2163261316777488,0.30533305360381774,0.26107439789856035,0.313554220283993,0.21187278872330076
