Wavelength (nm),EQE pixel 1,EQE pixel 2,EQE pixel 3,EQE pixel 4,EQE pixel 5,EQE pixel 6,EQE pixel 7,EQE pixel 8
730.004,0.12661546554871958,0.3254440033957945,0.29035027664984475,0.21357333333829717,0.4214515504542716,0.25242838821094143,0.2977383727558834,0.35610949411205667
739.972,0.09908513106748408,0.27492464274147493,0.24489765690737544,0.1572150114659152,0.352197361684485,0.20321269012969972,0.24344211058377518,0.30542129717739175
750.011,0.07207415890338296,0.21308471173887272,0.19191958840391724,0.10268554628419287,0.27083289647833886,0.1485666332054842,0.18057022875556755,0.23802247514544278
