Wavelength (nm),EQE pixel 1,EQE pixel 2,EQE pixel 3,EQE pixel 4,EQE pixel 5,EQE pixel 6,EQE pixel 7,EQE pixel 8
730.004,0.08591884149560293,0.3356870076028334,0.25138587767323217,0.11439523790838099,0.1759141454790596,0.12687679881416325,0.17823652843514368,0.06373306209346544
739.972,0.06579251817773335,0.28609441203512137,0.1954093002913154,0.0847994346102078,0.1324592612636734,0.09025161976334166,0.1269783045752988,0.04153168284707194
750.011,0.04704004166694107,0.2281382738951836,0.14241886766737663,0.05718806906408337,0.09055672953900835,0.0593626040839791,0.08119923515761787,0.024922937943838645
