Wavelength (nm),EQE pixel 1,EQE pixel 2,EQE pixel 3,EQE pixel 4,EQE pixel 5,EQE pixel 6,EQE pixel 7,EQE pixel 8
710.006,0.46502178663624366,0.3763897344245183,0.4175896094611774,0.3621886656143679,0.42956484636794035,0.3869211421929077,0.4029620810116197,0.40730149285014616
719.99,0.45533189757023856,0.3657602089469587,0.3946382023035087,0.3446041622318812,0.42213060718728285,0.3674840760745072,0.38722463982221605,0.36157649070177655
729.968,0.43836949500142414,0.3509359461703043,0.36359555782673464,0.3177417326027208,0.4084503966364421,0.3397296527210453,0.3591800471940373,0.3079742584539743
740.018,0.40791152301734546,0.3229792371295353,0.3171966505623607,0.2864547801275969,0.3825222188983124,0.30022384037325134,0.31389926292704284,0.2431868861983057
