Wavelength (nm),EQE pixel 1,EQE pixel 2,EQE pixel 3,EQE pixel 4,EQE pixel 5,EQE pixel 6,EQE pixel 7,EQE pixel 8
730.004,0.130940358331875,0.24828655617826578,0.2200202032880377,0.1091239408953969,0.1265247593645361,0.10516317975544487,0.2012423223678221,0.07168490725142442
739.972,0.07744387479563869,0.18614964056902264,0.1713385569490717,0.06818418910363334,0.07389110860062055,0.06324708186397991,0.14860140072968342,0.038290807264191144
750.011,0.04106859587530198,0.13101338548729574,0.12504050893012916,0.03921454036177092,0.039666839214222954,0.03684926561906103,0.10182464773631399,0.019055948716995612
