Wavelength (nm),EQE pixel 1,EQE pixel 2,EQE pixel 3,EQE pixel 4,EQE pixel 5,EQE pixel 6,EQE pixel 7,EQE pixel 8
710.026,0.07190949131127526,0.04061322639012169,0.028616422076155702,0.04210440228105975,0.11327258982176033,0.04483639328212135,0.028631584386480172,0.04307425419531117
720.012,0.021608616143883857,0.012793293355766311,0.009732163513933549,0.013034527899766044,0.03497680608138503,0.013950378765536094,0.010603390116332228,0.014291848381452662
729.991,0.007453346536878494,0.005200014694380708,0.004541758877883143,0.005187426182794938,0.011063802925502653,0.005510741790620382,0.005052517769031924,0.005792261901185755
739.964,0.0035941508637827085,0.0029899303450007988,0.002885383906705817,0.0029221057291288705,0.004539522699140734,0.0030589437746686124,0.0031576962681115323,0.0032117401827909914
