Wavelength (nm),EQE pixel 1,EQE pixel 2,EQE pixel 3,EQE pixel 4,EQE pixel 5,EQE pixel 6,EQE pixel 7,EQE pixel 8
729.991,0.00794058485636448,0.013710839648526006,0.0174077384642697,0.014526637965320324,0.0205381004518436,0.011631126552047429,0.013839620233132581,0.017288733283361796
739.964,0.004488978006913363,0.007948899419168869,0.009796926043170454,0.007275527041588819,0.01238808351371537,0.006318428335640599,0.008138119546959454,0.008968428662443758
750.007,0.002975362263894932,0.004741695313904699,0.005346092166221089,0.003929242541775409,0.007524487491647119,0.0037239650589731754,0.004816204933744171,0.004650368191544586
