Wavelength (nm),EQE pixel 1,EQE pixel 2,EQE pixel 3,EQE pixel 4,EQE pixel 5,EQE pixel 6,EQE pixel 7,EQE pixel 8
709.968,0.4035322773189213,0.4888582632852861,0.33708087538980114,0.1976173495734901,0.45617771074048774,0.44189858382465835,0.42315998332501353,0.1828074812753352
720.029,0.3411599700147783,0.43020546084594435,0.262761672531476,0.13759546423875182,0.3791444680938456,0.363762100489404,0.3316683292259738,0.11969133468451798
730.004,0.2744739417961451,0.3641115303749324,0.19939450568518446,0.08709212078336155,0.2958295434391546,0.2837772670650701,0.24898022090762534,0.07179959079721292
739.972,0.20483756659858685,0.29063568908426207,0.14492553765560826,0.04935395770453437,0.2133069702592228,0.20755670572935792,0.17500109230559893,0.03864771575403564
