Wavelength (nm),EQE pixel 1,EQE pixel 2,EQE pixel 3,EQE pixel 4,EQE pixel 5,EQE pixel 6,EQE pixel 7,EQE pixel 8
710.006,0.5836928029944947,0.4303976370536947,0.10848968702711365,0.10965140183223279,0.3248796846679954,0.1103528186966357,0.017590548005573567,0.021886224454095778
719.99,0.5346352969962374,0.3334327180738547,0.06591305385379924,0.07004012462138798,0.25142028004342276,0.06794691739724937,0.007948980811498264,0.011233647069174747
729.968,0.45106810273804204,0.22902622611987383,0.03803366788701561,0.042750440472130294,0.17836088588952662,0.0383078508157963,0.004447111050009084,0.006704865033146493
740.018,0.3326960695679014,0.1332509136911094,0.019862282050456533,0.024211728956085317,0.11052906464147673,0.019166305771011947,0.0028750243011412585,0.004249200139366012
