Wavelength (nm),EQE pixel 1,EQE pixel 2,EQE pixel 3,EQE pixel 4,EQE pixel 5,EQE pixel 6,EQE pixel 7,EQE pixel 8
729.991,0.07883318350691763,0.1800710381395283,0.17374927231471612,0.0691216638048565,0.08669624021469989,0.2048534106438035,0.18633905385453256,0.10952572625658548
739.964,0.05643356647966978,0.13727408459763005,0.13542841964224128,0.047032366969412605,0.05459631323330194,0.14661994685954793,0.1439741780345162,0.07537239067986343
750.007,0.037741691297327004,0.09778490086130887,0.09673545473257449,0.02942727726277928,0.03331161909689756,0.0960668512291219,0.10243092891849785,0.04698648034416853
