Wavelength (nm),EQE pixel 1,EQE pixel 2,EQE pixel 3,EQE pixel 4,EQE pixel 5,EQE pixel 6,EQE pixel 7,EQE pixel 8
729.968,0.5793447388382991,0.19845546080187398,0.17481004095866007,0.0208317004328466,0.20446405217107586,0.03225413752371057,0.030382411341484155,0.016047866586178173
740.018,0.4877713565140495,0.14515784554491784,0.099080483914415,0.011168536136929114,0.14883250448532265,0.01523432817368405,0.01621659635889841,0.008560413629745897
749.981,0.38454446269868,0.09648800589472789,0.04914893630333752,0.005887508660562898,0.09661248311281367,0.007036045450006876,0.008747609549362328,0.004680813898314362
