Wavelength (nm),EQE pixel 1,EQE pixel 2,EQE pixel 3,EQE pixel 4,EQE pixel 5,EQE pixel 6,EQE pixel 7,EQE pixel 8
729.968,0.00803050967147407,0.006154634379152812,0.004704363342035731,0.006229604949275776,0.006189656258416562,0.006106074753435739,0.005275343924789215,0.006645263686278881
740.018,0.003736969718707811,0.003332264668051656,0.0027713728904031278,0.0036009638732058128,0.0032686248915177155,0.003097969443424291,0.0029873036289101698,0.0037685596202213286
749.981,0.0024815628145715756,0.002320174490268895,0.0021283233514132385,0.0025619725161694015,0.0022986475092921024,0.002174338199510087,0.002229281490845063,0.002625364727438361
