Wavelength (nm),EQE pixel 1,EQE pixel 2,EQE pixel 3,EQE pixel 4,EQE pixel 5,EQE pixel 6,EQE pixel 7,EQE pixel 8
710.006,0.15805117603257404,0.18203932473112985,0.10125148123823835,0.04153666250202018,0.05616901447984157,0.071501597642111,0.036705946383102775,0.037972826372742026
719.99,0.10467821792546753,0.13463359576968176,0.08620199640497037,0.024979327663580627,0.029592134455991008,0.04140969020360037,0.021714219681397327,0.022391980530560456
729.968,0.06348399771637948,0.08810144278446094,0.07568357317654929,0.01652253265092213,0.017518674536829475,0.026535501892570965,0.014979394422645427,0.015176636809229045
740.018,0.0367604974273921,0.05234682230679855,0.06597879024408256,0.011654342207647855,0.011416935580451414,0.018166479428375612,0.01137654230221519,0.011201252131534441
