Wavelength (nm),EQE pixel 1,EQE pixel 2,EQE pixel 3,EQE pixel 4,EQE pixel 5,EQE pixel 6,EQE pixel 7,EQE pixel 8
709.971,0.4437571461440779,0.40253110702892386,0.3361910456779363,0.30021057807196816,0.2231091435437602,0.2895829851127222,0.3585491228721123,0.2672767550907088
720.031,0.4261123008920853,0.3873776070808367,0.31089273531519046,0.29097665645114906,0.2187766373593826,0.2786136713462598,0.3466142047245538,0.2515968401418487
730.006,0.39760620625922827,0.3628281542285567,0.27855024763397374,0.27099671039217493,0.2095241273739644,0.259415256952101,0.3124604603797067,0.22962436007374
739.974,0.3575647149898657,0.3255507137378309,0.24102409961910834,0.2403743826118054,0.19619221163040673,0.23276356085518352,0.2726239743909417,0.20126588383569896
