Wavelength (nm),EQE pixel 1,EQE pixel 2,EQE pixel 3,EQE pixel 4,EQE pixel 5,EQE pixel 6,EQE pixel 7,EQE pixel 8
730.004,0.2744739417961451,0.3641115303749324,0.19939450568518446,0.08709212078336155,0.2958295434391546,0.2837772670650701,0.24898022090762534,0.07179959079721292
739.972,0.20483756659858685,0.29063568908426207,0.14492553765560826,0.04935395770453437,0.2133069702592228,0.20755670572935792,0.17500109230559893,0.03864771575403564
750.011,0.13817094333010432,0.21299684931048812,0.09852428226842022,0.025362570801215026,0.13868012716183184,0.13706780041663139,0.1087386867118335,0.018976651206854076
