Wavelength (nm),EQE pixel 1,EQE pixel 2,EQE pixel 3,EQE pixel 4,EQE pixel 5,EQE pixel 6,EQE pixel 7,EQE pixel 8
709.968,0.31845913311800356,0.16052770785004064,0.48165352765793784,0.4259635545429463,0.437647528929578,0.45787627537165315,0.41026428682208677,0.4064632407497945
720.029,0.31245715239959715,0.15279790124050438,0.4360544019015324,0.3813936786348397,0.4055355418807834,0.408645994082383,0.36305250303786557,0.367065729344025
730.004,0.3010947328103943,0.1425904575040857,0.37299435324230923,0.31624175536409765,0.3580044321393636,0.34356496520252344,0.3062437952538712,0.30868680215119854
739.972,0.2783389818034707,0.12905403300796073,0.29077792096273125,0.2346861521736665,0.2917943657275239,0.26302014494378545,0.24021530608009106,0.23407168079130775
