Wavelength (nm),EQE pixel 1,EQE pixel 2,EQE pixel 3,EQE pixel 4,EQE pixel 5,EQE pixel 6,EQE pixel 7,EQE pixel 8
729.968,0.46661593794691647,0.4024160340704019,0.37539056291818806,0.23952604614497158,0.37929148416649294,0.3814525008366481,0.3823242373656225,0.36852614664319794
740.018,0.4281548294348386,0.3659176487289022,0.32773624151649494,0.18735042384195422,0.3310945522093154,0.333710237819535,0.32941578809278055,0.313734810685056
749.981,0.3646829346396426,0.3088112879523233,0.26253649490403635,0.13220270639223675,0.2624752134117281,0.265731152321572,0.25814443770083983,0.24168472932098692
