Wavelength (nm),EQE pixel 1,EQE pixel 2,EQE pixel 3,EQE pixel 4,EQE pixel 5,EQE pixel 6,EQE pixel 7,EQE pixel 8
729.968,0.03989140787757571,0.0584918530331501,0.046853490918748686,0.0498816754645562,0.02364843730811846,0.02449871808151542,0.017901004960479517,0.01053201566718223
740.018,0.02476894469306472,0.03139324386775179,0.02595762572444546,0.03164308313001003,0.012489686288219228,0.012673458339499408,0.010008690889092257,0.005920116720416173
749.981,0.014636292992424789,0.015320236549621957,0.014270626200226086,0.018662744361290062,0.006462699113630639,0.006640283452171687,0.005622643779414266,0.003572853997328822
