Wavelength (nm),EQE pixel 1,EQE pixel 2,EQE pixel 3,EQE pixel 4,EQE pixel 5,EQE pixel 6,EQE pixel 7,EQE pixel 8
710.026,0.6620953827958892,0.6001707262308922,0.5430658869330792,0.5273390245689107,0.46218684893207823,0.5922546874480369,0.407933424290114,0.5044032913482351
720.012,0.6264809898274346,0.5000742203638849,0.4335137714272458,0.46269121922826617,0.36546866868003186,0.5357604368301166,0.2973494897799649,0.4184697015263727
729.991,0.5648694221487364,0.38153498331318414,0.3215024590576658,0.3795314968470789,0.2616078312934616,0.4570662678573005,0.20320829630689846,0.3124501706705137
739.964,0.47800390875209325,0.26405115341098934,0.22286666135588706,0.2916152223229715,0.16805909753575532,0.36349656110807577,0.12896782847556726,0.20680338545977717
