Wavelength (nm),EQE pixel 1,EQE pixel 2,EQE pixel 3,EQE pixel 4,EQE pixel 5,EQE pixel 6,EQE pixel 7,EQE pixel 8
709.971,0.46065589345839536,0.30191297920116805,0.3423607838191804,0.09602620818117118,0.13630946655500825,0.33080361825656524,0.3406784179008094,0.26002660162127295
720.031,0.42538002484293796,0.2596056240759061,0.2796416778158535,0.060267693961592414,0.07829176242452554,0.2601746939782264,0.2921460540733729,0.2189062400840872
730.006,0.3748653283521332,0.22019313861756246,0.2187132584384486,0.037411431257014585,0.04164860333120055,0.19828636228457333,0.241338188902979,0.17862025730169165
739.974,0.30700114593860717,0.1721412088498014,0.1621359178071428,0.022940972996527146,0.021060402505531147,0.14152816960599715,0.18858927802281192,0.13632826377338297
