Wavelength (nm),EQE pixel 1,EQE pixel 2,EQE pixel 3,EQE pixel 4,EQE pixel 5,EQE pixel 6,EQE pixel 7,EQE pixel 8
729.968,0.5378033923672382,0.43851918557621444,0.44813522463844385,0.4661024211440974,0.47356588297681546,0.44911078726676,0.39541002089074384,0.4406713566592233
740.018,0.4688140493515811,0.36716842763280855,0.38113165619191275,0.3901672303788942,0.39321902238510265,0.35561826200627383,0.3136501225971852,0.3682553246800852
749.981,0.3730122578590378,0.2801118220888431,0.2939744448163016,0.2921360852031949,0.2931642507770385,0.2514045755228798,0.2236617325475828,0.2747657129501793
