Wavelength (nm),EQE pixel 1,EQE pixel 2,EQE pixel 3,EQE pixel 4,EQE pixel 5,EQE pixel 6,EQE pixel 7,EQE pixel 8
710.006,0.0008830123303948685,0.20437484994089403,0.15963237558111773,0.14691827462366508,0.5349219803606752,0.36129302701518257,0.330169643811883,0.22507227902168642
719.99,0.0008932568789621169,0.11780731947732007,0.09198098033053101,0.08331564672898072,0.4440891470034805,0.2597427258230119,0.22894792268375608,0.1396455397698285
729.968,0.0006776925847012124,0.06278913823310633,0.04841289744751756,0.03980122991878284,0.3322406969336115,0.16478040092804014,0.13887640789667446,0.07615382600724098
740.018,0.0006634311338508098,0.030239101782967407,0.02253650946236238,0.016323889642586818,0.21520004547997532,0.0889247968629712,0.07204946393617288,0.03531110175523472
