Wavelength (nm),EQE pixel 1,EQE pixel 2,EQE pixel 3,EQE pixel 4,EQE pixel 5,EQE pixel 6,EQE pixel 7,EQE pixel 8
710.006,0.5045252608659,0.4426153718847792,0.4346006241408164,0.3309106002138734,0.4382211940797048,0.4376017316645299,0.45253037816971503,0.4425909735754285
719.99,0.4912433327760903,0.427511441986439,0.4112963749473769,0.28779525239567394,0.41449714745230176,0.4156747003630362,0.4230515301640761,0.410965753263104
729.968,0.46661593794691647,0.4024160340704019,0.37539056291818806,0.23952604614497158,0.37929148416649294,0.3814525008366481,0.3823242373656225,0.36852614664319794
740.018,0.4281548294348386,0.3659176487289022,0.32773624151649494,0.18735042384195422,0.3310945522093154,0.333710237819535,0.32941578809278055,0.313734810685056
