Wavelength (nm),EQE pixel 1,EQE pixel 2,EQE pixel 3,EQE pixel 4,EQE pixel 5,EQE pixel 6,EQE pixel 7,EQE pixel 8
729.991,0.4197883959295425,0.39781611573538694,0.29795461820836705,0.10316874085363532,0.3835037574323425,0.3093355326718051,0.31354402758596506,0.353570414061304
739.964,0.33967842482111565,0.33238637574599017,0.24074617086238623,0.07873307749139875,0.3164323736364071,0.24855730489404834,0.23969856959058536,0.28983489679679175
750.007,0.25847990590586073,0.2592420179935933,0.1821427876366882,0.054381633401172635,0.24652160581869806,0.18096895767779392,0.16644581315183915,0.21455369871213462
