Wavelength (nm),EQE pixel 1,EQE pixel 2,EQE pixel 3,EQE pixel 4,EQE pixel 5,EQE pixel 6,EQE pixel 7,EQE pixel 8
710.006,0.3383328218144809,0.05129802673735148,0.022425030284011303,0.024036944035625157,0.4761525893353035,0.10593611287689567,0.04252087818022391,0.021612068075463477
719.99,0.22500451212256325,0.02926363576458173,0.011468571760727036,0.011037061665549134,0.38680665782570073,0.0632995783923616,0.022106978902459544,0.010419314809600008
729.968,0.1308728821127819,0.01816361513135575,0.007065906529339343,0.005900916863490094,0.2981337464052523,0.03666048484195509,0.012471039253983997,0.00595497623850377
740.018,0.06543998805565841,0.011280332941078454,0.0046311709808723855,0.0035864654496378873,0.21483334751537198,0.019522423185001143,0.007120301331793655,0.003792761143411451
