Wavelength (nm),EQE pixel 1,EQE pixel 2,EQE pixel 3,EQE pixel 4,EQE pixel 5,EQE pixel 6,EQE pixel 7,EQE pixel 8
729.968,0.47913912778343876,0.2219455762266808,0.09700325020410128,0.1470017684798661,0.13286286011648984,0.12276352774658635,0.09155500026829852,0.03274367706058586
740.018,0.36042308187896516,0.13723723596077977,0.04848283536504979,0.09638295931304715,0.0703289154000262,0.07191618609708758,0.05048745184789913,0.01493557573562628
749.981,0.2365486026387333,0.0754651317696637,0.022449798000612996,0.05728730483121151,0.0335305213309372,0.03918023130242789,0.025666592202796667,0.0066946181478200854
