Wavelength (nm),EQE pixel 1,EQE pixel 2,EQE pixel 3,EQE pixel 4,EQE pixel 5,EQE pixel 6,EQE pixel 7,EQE pixel 8
729.991,0.1331902911680531,0.16677071909756008,0.15371868573302827,0.11955638795004751,0.42897197457898345,0.5033217139072643,0.17815699506920898,0.07462016182766619
739.964,0.09721480176043054,0.126762080433494,0.11643186777690477,0.07767608422946733,0.33175386507678895,0.4058866915841644,0.1379861318359276,0.0521231599365496
750.007,0.06422308921242155,0.08763585418802292,0.0799341107426646,0.04613669104642851,0.2287024672995375,0.2967528197470144,0.0965976699764023,0.03304453725441943
