Wavelength (nm),EQE pixel 1,EQE pixel 2,EQE pixel 3,EQE pixel 4,EQE pixel 5,EQE pixel 6,EQE pixel 7,EQE pixel 8
729.968,0.3118084276442371,0.20311517601999984,0.3860354479845969,0.359993378749185,0.40290990932062615,0.37234848499240003,0.3494244139573182,0.2604039949632532
740.018,0.27627020888943526,0.18328073232199457,0.3396227754177061,0.2958203527705824,0.3595708336055592,0.3250493403267703,0.28214329997467574,0.1852335010844449
749.981,0.2219145941893636,0.1526904206027595,0.27511260696367223,0.21797318565183907,0.2949002237563305,0.2575323529641175,0.20676319364834816,0.11613360497971632
