Wavelength (nm),EQE pixel 1,EQE pixel 2,EQE pixel 3,EQE pixel 4,EQE pixel 5,EQE pixel 6,EQE pixel 7,EQE pixel 8
729.968,0.5526172173495646,0.0007120400864842029,0.09466420120349049,0.012705744736944373,0.33150908020236913,0.5462206433586139,0.38616595190417197,0.008956228586507494
740.018,0.4839424450683158,0.0008997011783907748,0.052430058252080074,0.007568646144040916,0.30917482868958557,0.48461532409659835,0.2534300266878574,0.004508079667466423
749.981,0.38990645773078547,0.0006890032987013294,0.025037934477344526,0.004546711854420234,0.2716209070535886,0.3958819300050451,0.13844831632459784,0.002387987607653052
