Wavelength (nm),EQE pixel 1,EQE pixel 2,EQE pixel 3,EQE pixel 4,EQE pixel 5,EQE pixel 6,EQE pixel 7,EQE pixel 8
710.006,0.5593724360484811,0.5344340017991162,0.48267574200589314,0.35446144131109697,0.4738857162941439,0.4903210716311248,0.34159252979723925,0.22906600960391943
719.99,0.4802224414778731,0.44624877784592304,0.4625658911996509,0.3365130347767071,0.4301568259102617,0.3848521655105013,0.32089944874494164,0.22061741145373137
729.968,0.3852394200473165,0.3454696130904279,0.4320659046516708,0.30754236509506966,0.37341018460768177,0.27380344057295486,0.2928536031096444,0.20862675043445295
740.018,0.27802383598191127,0.2395728174169304,0.3818092195377513,0.259641561629342,0.2988310202973276,0.1717167382930342,0.250874498357353,0.18876671027727943
