Wavelength (nm),EQE pixel 1,EQE pixel 2,EQE pixel 3,EQE pixel 4,EQE pixel 5,EQE pixel 6,EQE pixel 7,EQE pixel 8
710.026,0.2147853641106407,0.22569059078403897,0.13768733761986285,0.15898440007445291,0.2197475790949285,0.19188294291266356,0.1356331675030857,0.2704708471768948
720.012,0.13945558754938367,0.14319877976290235,0.07770790859945745,0.10768134246165356,0.14285104051083586,0.11159052593564556,0.07945705192208766,0.18708512277610803
729.991,0.08543281669764088,0.08402545264973366,0.04283051804835219,0.06896505270193805,0.08959075687743241,0.061123921632627795,0.044196012009904015,0.11415112070274232
739.964,0.047703303844245315,0.0453749103310535,0.02216393636086341,0.04165455498907165,0.053366817377647285,0.03149028148132658,0.022694018741527284,0.06107271679689257
