Wavelength (nm),EQE pixel 1,EQE pixel 2,EQE pixel 3,EQE pixel 4,EQE pixel 5,EQE pixel 6,EQE pixel 7,EQE pixel 8
729.968,0.013543629435769765,0.0038495232823388,0.002041945919966534,0.0016861899309227153,0.013886049948755254,0.003625830458607699,0.00197449248037724,0.0013967238137410345
740.018,0.012163926142995623,0.0025769427611590057,0.0013348735327458887,0.0011733962118907972,0.013460687925361235,0.002289840088506668,0.0012829051965719577,0.0010319513921634499
749.981,0.010000758201538236,0.0016530355516223504,0.0009893321678736227,0.0009197597476664627,0.012495546852853244,0.0014450225190154454,0.0009469121573628569,0.0008510579163494034
