Wavelength (nm),EQE pixel 1,EQE pixel 2,EQE pixel 3,EQE pixel 4,EQE pixel 5,EQE pixel 6,EQE pixel 7,EQE pixel 8
710.006,0.5523897629238738,0.04069148106589606,0.02543090907936816,0.036529315071194994,0.03650171284817117,0.02074306327786333,0.017564556757424032,0.0193947962397102
719.99,0.39075936569704933,0.01580228659607992,0.009986025653706713,0.021231671413186156,0.015413845955651493,0.008194494582372635,0.006676324760816975,0.00803657740609767
729.968,0.240030852376483,0.007712362673647421,0.004978432233697443,0.014646194227569366,0.008219928522111576,0.0042730584091250304,0.0034340590160984175,0.004522856276872716
740.018,0.1327366779425594,0.004509305731741555,0.0029614902550554314,0.010525360652656301,0.00498643681477199,0.002745962473190963,0.0022865441132121425,0.0030938029881115337
