Wavelength (nm),EQE pixel 1,EQE pixel 2,EQE pixel 3,EQE pixel 4,EQE pixel 5,EQE pixel 6,EQE pixel 7,EQE pixel 8
709.971,0.3608803610945598,0.2935560191534601,0.24610031775498617,0.37380248673797617,0.2639136026704609,0.31180614447958954,0.23165838331821365,0.3549869907230515
720.031,0.31421830951798546,0.20974478414551942,0.20339634199483614,0.33215266104977137,0.1757038872710755,0.2416296460750702,0.17842171441247834,0.30065388988872926
730.006,0.25532237491618726,0.1350297764346685,0.16266601978389958,0.2747212764185892,0.10506120412846298,0.1724817557947785,0.13041734034595548,0.23779938672075224
739.974,0.18754479471511898,0.07896125043238553,0.12219852887761255,0.20853981082427808,0.05687241166493976,0.11107017526474974,0.08800494871320771,0.16642039756669058
