Wavelength (nm),EQE pixel 1,EQE pixel 2,EQE pixel 3,EQE pixel 4,EQE pixel 5,EQE pixel 6,EQE pixel 7,EQE pixel 8
709.968,0.42056565801278445,0.41601368628435526,0.3449736842814232,0.3393661711935923,0.4758573952886244,0.4906890806810045,0.29156654300255896,0.3527817663418632
720.029,0.40626265021317004,0.38646684150868527,0.3148507271066216,0.3023721632105195,0.4443753213265734,0.4651805585608014,0.25551025407470107,0.3166743640390908
730.004,0.37135654593184536,0.3453844070068526,0.2844270894491228,0.26463252142299254,0.3919672523043147,0.4250395400339244,0.22197642203076684,0.2776108489726005
739.972,0.32549140430413637,0.29050010952086264,0.24635588593849164,0.22004841722071486,0.3174442647811585,0.3583872143005296,0.1835602987650324,0.23148233700069518
