Wavelength (nm),EQE pixel 1,EQE pixel 2,EQE pixel 3,EQE pixel 4,EQE pixel 5,EQE pixel 6,EQE pixel 7,EQE pixel 8
730.004,0.008435442596814812,0.006831627432352537,0.004642843862657061,0.0035959246720746628,0.0076545475134742755,0.00582659474518081,0.004400715191365686,0.003749263042789599
739.972,0.0036670276139158953,0.003456118968671039,0.0027077360756367235,0.0025205433993938913,0.003518693533559073,0.003069549754116242,0.002631001302707096,0.0024839636777360687
750.011,0.002291431548206705,0.0023156001393927835,0.0020398635860513245,0.0019411119988343864,0.0022637803557374863,0.002152198572852229,0.0020312630351882787,0.0020017971095723456
