Wavelength (nm),EQE pixel 1,EQE pixel 2,EQE pixel 3,EQE pixel 4,EQE pixel 5,EQE pixel 6,EQE pixel 7,EQE pixel 8
729.991,0.01062182857302042,0.00538771414562977,0.00414566309375016,0.0050342356946171595,0.008417711857932355,0.004671132851061188,0.004041394536991382,0.004361513660783414
739.964,0.004337174794682668,0.0029714472764782347,0.002589741413909179,0.0030680925767850283,0.0037217873905481453,0.0027086221340361007,0.002506198976544301,0.0027998286450490544
750.007,0.002614611054391429,0.0022124590505955334,0.002080472635349009,0.0023082151371229555,0.0024145572703022176,0.0020883943943045507,0.00204628093063657,0.002208095673824644
