Wavelength (nm),EQE pixel 1,EQE pixel 2,EQE pixel 3,EQE pixel 4,EQE pixel 5,EQE pixel 6,EQE pixel 7,EQE pixel 8
709.968,0.2245779047471386,0.28048962169630565,0.22378250567303298,0.1800159107994314,0.3175051910968664,0.23803112961597353,0.2716271831431708,0.2940936337913372
720.029,0.21844162130398265,0.27433230356438104,0.21630984842463402,0.1694547484814996,0.30582443198510534,0.22725212560705374,0.2521902653359221,0.25270413000906133
730.004,0.2095007831745087,0.2643270136246058,0.2048017850062761,0.15441290630436114,0.2884575485070651,0.2110716783246686,0.2260227637080994,0.21195890106698576
739.972,0.19680978378382616,0.24921911173152747,0.18792775541695447,0.13458250891807394,0.2628725552556543,0.1889132461533154,0.19182327635160293,0.16976469650272
