Wavelength (nm),EQE pixel 1,EQE pixel 2,EQE pixel 3,EQE pixel 4,EQE pixel 5,EQE pixel 6,EQE pixel 7,EQE pixel 8
729.991,0.4682555446190701,0.49436134972437207,0.3209133220379043,0.18803452628241196,0.5481334161274624,0.5894133568695842,0.5592369091475619,0.4740625001080415
739.964,0.4345551260636864,0.42982514014393464,0.24426515151613062,0.12490422064877188,0.5195712793435685,0.5446396929882068,0.4825221935352209,0.3884855349791202
750.007,0.3853977887502909,0.35114218978281725,0.17000345136867337,0.07463784792203013,0.47319395035648854,0.47760841807135046,0.38385535706548346,0.2878195668018959
