Wavelength (nm),EQE pixel 1,EQE pixel 2,EQE pixel 3,EQE pixel 4,EQE pixel 5,EQE pixel 6,EQE pixel 7,EQE pixel 8
709.968,0.028668906990017992,0.026548966737175744,0.019510335624964393,0.024209243295764085,0.027733495819434708,0.025492010477089357,0.020305384853184658,0.023738767806001402
720.029,0.009778767874550174,0.009055138377608477,0.007154912240486645,0.009766646913451842,0.009686315414606551,0.008396872753082995,0.007186589118430897,0.009549187345507354
730.004,0.0042745298836636865,0.003955389354402192,0.0037762678163643162,0.004868944221837162,0.004425316945301246,0.0037441687613263695,0.0035436931505347736,0.004861025859943645
739.972,0.002566267707880017,0.0024374726225887423,0.002567481421108421,0.0030527843739788247,0.0026336037289204804,0.0023769848431697766,0.002418883143118635,0.0030798605830988134
