Wavelength (nm),EQE pixel 1,EQE pixel 2,EQE pixel 3,EQE pixel 4,EQE pixel 5,EQE pixel 6,EQE pixel 7,EQE pixel 8
709.968,0.09596477129940047,0.10231785197491128,0.05915297613724757,0.09542934370006678,0.27793509769177316,0.13347304255105158,0.0908675792866659,0.09166130542431958
720.029,0.05455718830233447,0.0712922973575131,0.03778496291838909,0.05665240204478166,0.20187073843942546,0.10520417719724189,0.05634465831137973,0.051626738104310094
730.004,0.0313767248876894,0.050218631677247196,0.024207779902548746,0.031083773577335518,0.14053532314213088,0.08258490807393035,0.032045032866969275,0.026786574668007688
739.972,0.016854500856251602,0.034492986162026534,0.014561969779405158,0.01548285992341092,0.09160788353536573,0.06132515777143672,0.01660956884968891,0.01291328048210095
