Wavelength (nm),EQE pixel 1,EQE pixel 2,EQE pixel 3,EQE pixel 4,EQE pixel 5,EQE pixel 6,EQE pixel 7,EQE pixel 8
710.026,0.04434733079243736,0.049394088255862625,0.052553451676558165,0.0620320325953327,0.07501156536421336,0.05129137381106622,0.046061065458728664,0.059637321818478375
720.012,0.01667004480472931,0.02432765985196043,0.02960391094526188,0.02947335773581832,0.03599791872279884,0.0229059357392553,0.023940988903811678,0.031952913091192164
729.991,0.00794058485636448,0.013710839648526006,0.0174077384642697,0.014526637965320324,0.0205381004518436,0.011631126552047429,0.013839620233132581,0.017288733283361796
739.964,0.004488978006913363,0.007948899419168869,0.009796926043170454,0.007275527041588819,0.01238808351371537,0.006318428335640599,0.008138119546959454,0.008968428662443758
