Wavelength (nm),EQE pixel 1,EQE pixel 2,EQE pixel 3,EQE pixel 4,EQE pixel 5,EQE pixel 6,EQE pixel 7,EQE pixel 8
710.006,0.015535710676485359,0.014918722219994402,0.013709974058273523,0.012186548468321193,0.016834388561087984,0.01711457500528996,0.013293410328691038,0.011458941625981623
719.99,0.013160504419239336,0.012497814435832125,0.011863489080390406,0.01040100911961269,0.015848559576329038,0.01393151259980687,0.01097628749823752,0.009109576044972601
729.968,0.010440574735735704,0.010375981835906366,0.010104538368731675,0.008695140840033503,0.014611490440089261,0.011439783985133246,0.008865691072971433,0.007111848556601884
740.018,0.0077133340343728905,0.008219575519620975,0.008090672000257999,0.006668822608634453,0.012886162946447418,0.008978060786280962,0.006576749441542828,0.005180347341259867
