Wavelength (nm),EQE pixel 1,EQE pixel 2,EQE pixel 3,EQE pixel 4,EQE pixel 5,EQE pixel 6,EQE pixel 7,EQE pixel 8
730.004,0.2090379130380863,0.23544970309846544,0.2725953686103856,0.23208399632774857,0.27215304032856513,0.23844035735677227,0.2635226123905159,0.24115788263023746
739.972,0.17981753589505045,0.19698034485654847,0.23662834437676855,0.1995419983285444,0.23340966340176258,0.19491053971304698,0.21475604474469742,0.20635637982620428
750.011,0.14501219762444648,0.15305219833306735,0.18766050976616064,0.15986113415641726,0.18586606645688508,0.1482880872387404,0.15850940751743986,0.16447717323289113
