Wavelength (nm),EQE pixel 1,EQE pixel 2,EQE pixel 3,EQE pixel 4,EQE pixel 5,EQE pixel 6,EQE pixel 7,EQE pixel 8
729.968,0.008360955344890035,0.00724798738047889,0.0057861322167017,0.006428932457426279,0.010917565983510681,0.007369752837175827,0.006214456310828355,0.005234722060171346
740.018,0.0038007385324262993,0.0036402570347668795,0.0031074065281679218,0.0036959884531172853,0.004466351258612623,0.0035624091775390107,0.003260192902341636,0.0031365594992129177
749.981,0.0023949169623367975,0.002401292675680431,0.0022185073100782758,0.0025709282872891227,0.002613224083154857,0.0023694106444366275,0.00229071191658047,0.002320457414120168
