Wavelength (nm),EQE pixel 1,EQE pixel 2,EQE pixel 3,EQE pixel 4,EQE pixel 5,EQE pixel 6,EQE pixel 7,EQE pixel 8
710.026,0.5043413837352597,0.5915317703780937,0.47680299719859043,0.33125629449130717,0.5764499476475737,0.6363636380607977,0.6540614504440159,0.5969646217359859
720.012,0.49125603774721227,0.5479227406229451,0.39836259365404,0.25857493109925256,0.5674454887477182,0.6197013702818163,0.6162283738588161,0.5431558335477423
729.991,0.4682555446190701,0.49436134972437207,0.3209133220379043,0.18803452628241196,0.5481334161274624,0.5894133568695842,0.5592369091475619,0.4740625001080415
739.964,0.4345551260636864,0.42982514014393464,0.24426515151613062,0.12490422064877188,0.5195712793435685,0.5446396929882068,0.4825221935352209,0.3884855349791202
