Wavelength (nm),EQE pixel 1,EQE pixel 2,EQE pixel 3,EQE pixel 4,EQE pixel 5,EQE pixel 6,EQE pixel 7,EQE pixel 8
709.971,0.4742851481838319,0.35019796445787366,0.3988297167682284,0.4581767894223178,0.47562408722125354,0.399730560265252,0.40669466101838997,0.4192646571870454
720.031,0.4233398009742515,0.2513266429421272,0.3337275826415166,0.4062507504277439,0.4007942912244688,0.38444902300645073,0.3731696935104759,0.35703336261314605
730.006,0.3497434528345816,0.1595733503099969,0.2595948110882265,0.3334218622897324,0.31275748074929,0.3566067114264311,0.326529567982437,0.2778544804223165
739.974,0.2608831926478622,0.08828392480275113,0.18493416830985063,0.24658826943272857,0.20443208797869167,0.3153353274605465,0.2663022775205733,0.1934092237540875
