Wavelength (nm),EQE pixel 1,EQE pixel 2,EQE pixel 3,EQE pixel 4,EQE pixel 5,EQE pixel 6,EQE pixel 7,EQE pixel 8
710.026,0.19112080457865074,0.24987792158146005,0.370249122955928,0.32872808814671667,0.3021903787157044,0.2752535466904386,0.3503639892886335,0.3768788306241403
720.012,0.1899789580777416,0.22547738292722236,0.3568473380954777,0.312060806212601,0.29251224517828084,0.25818564741910116,0.3331820009340424,0.35250969449767183
729.991,0.18634392951173506,0.1940287690237595,0.3339139267381089,0.2859646174783546,0.277381761775028,0.2337146540609951,0.30650205652094215,0.31602949782898443
739.964,0.17914412900253243,0.1576510975715144,0.29776202262224855,0.24795924386307538,0.2553273265005486,0.20159772263681042,0.2664707735954068,0.26466530527769067
