Wavelength (nm),EQE pixel 1,EQE pixel 2,EQE pixel 3,EQE pixel 4,EQE pixel 5,EQE pixel 6,EQE pixel 7,EQE pixel 8
710.006,0.05338030400423689,0.047918101054474666,0.03642478317666568,0.031020219748128377,0.05847745233322073,0.04102339721709107,0.03216754015312804,0.033277540972849816
719.99,0.017238571958770946,0.015132185850453084,0.0110703748644768,0.011482594338615393,0.01856311590841855,0.01232089040882849,0.010581818742622035,0.012609941189389602
729.968,0.006587654345588787,0.005830736361515484,0.004631018336294061,0.0053356794097800045,0.0069941993150311015,0.004911598841483494,0.004745795996206174,0.005730245865560758
740.018,0.0033820147236958914,0.0031266993170616817,0.0027950846965474805,0.0032014347716407287,0.0035548224919195875,0.002819338824196741,0.0029150201187660573,0.0033240556341388255
