Wavelength (nm),EQE pixel 1,EQE pixel 2,EQE pixel 3,EQE pixel 4,EQE pixel 5,EQE pixel 6,EQE pixel 7,EQE pixel 8
730.004,0.301318584950159,0.2777461761943383,0.25702272317686137,0.20904094965318576,0.3305859562912183,0.2725548240176819,0.2666655081951533,0.23164941506834297
739.972,0.2706585873928619,0.18219246708892758,0.15867869952298638,0.14045412643375843,0.25253585935099127,0.18840903963031255,0.18855871221164172,0.16599722249360221
750.011,0.2237752374400062,0.1050953346175645,0.08341846282262377,0.08300852542471489,0.16957545702266708,0.11208375242125317,0.11772420513241424,0.10361783930759393
