Wavelength (nm),EQE pixel 1,EQE pixel 2,EQE pixel 3,EQE pixel 4,EQE pixel 5,EQE pixel 6,EQE pixel 7,EQE pixel 8
710.006,0.04587940190535226,0.09071959812931066,0.11737733554208726,0.1018105109756587,0.07604913512729071,0.07568820363787251,0.1248368436888589,0.1595338207191436
719.99,0.02296282583367479,0.05777618719014448,0.07837822019426442,0.05566811946441972,0.04268619180081649,0.042199854020481826,0.0805782320707799,0.10358456855233804
729.968,0.012494678272871162,0.03706976348892978,0.048265448613298026,0.02782134357356642,0.02546253053701453,0.023301579895385765,0.051372945304358396,0.06037241494870207
740.018,0.007025864996170577,0.022926460520396545,0.026430815506687334,0.01301815837778304,0.014995934475719194,0.012809604748002737,0.03170802517401864,0.03223735266496227
