Wavelength (nm),EQE pixel 1,EQE pixel 2,EQE pixel 3,EQE pixel 4,EQE pixel 5,EQE pixel 6,EQE pixel 7,EQE pixel 8
710.006,0.5847398367847958,0.5276344216901296,0.4633986639999374,0.4233118706403682,0.2808450440198255,0.4257914479633774,0.49646027751443195,0.3833756449063843
719.99,0.5571518659329756,0.5037097794970533,0.4230952777475452,0.4060806644940546,0.27513000202973203,0.40229479331461604,0.4672423592346318,0.35744602512809026
729.968,0.5160348356630987,0.4658236806908122,0.3761035789067737,0.37496209725012053,0.2645234409228616,0.3683604361291378,0.4224840662492355,0.3253447023425705
740.018,0.45684453496253247,0.41030238827473664,0.3201778417149546,0.32498173390306945,0.24631210889490235,0.3216025658935514,0.35825785571035607,0.2819799754841996
