Wavelength (nm),EQE pixel 1,EQE pixel 2,EQE pixel 3,EQE pixel 4,EQE pixel 5,EQE pixel 6,EQE pixel 7,EQE pixel 8
710.006,0.45696165600189614,0.4413218358468002,0.155852589617939,0.7209763190735504,0.5070315571791929,0.33914521403173387,0.13690232110418893,0.20938122187499164
719.99,0.39476676334182903,0.3371405327517878,0.09563441311351764,0.6947670856750026,0.4346903028590864,0.25476769214981515,0.08341481160305415,0.15544184500610445
729.968,0.3439752657406104,0.25185583549780377,0.06283708095298275,0.646864662126018,0.36988053164288326,0.19116715569869674,0.053320591566196326,0.1172972526497303
740.018,0.2886039511201511,0.1793029244280164,0.041808128728068245,0.5662973600155526,0.30068857384810865,0.13539408526091198,0.03414954662730872,0.08450523228215419
