Wavelength (nm),EQE pixel 1,EQE pixel 2,EQE pixel 3,EQE pixel 4,EQE pixel 5,EQE pixel 6,EQE pixel 7,EQE pixel 8
709.971,0.022920301536563305,0.027128904135319553,0.03299805634231795,0.04033431747868144,0.02069381554708894,0.020923035713631938,0.03541769062982274,0.0382380984081131
720.031,0.009154233675511277,0.011367784690855568,0.01155571289562007,0.01455916653794206,0.008281295799077028,0.007480947079112768,0.012118259242088876,0.01327764061243925
730.006,0.004594490476435546,0.006053078108320451,0.005003336212777383,0.006361529645219065,0.004226951297408567,0.003738773847821705,0.004954565380505347,0.005461231651861891
739.974,0.002873125760408772,0.0037263490790975275,0.002835021243761099,0.0034100594503977018,0.002743312069926592,0.0024649122305179655,0.0028217248892082472,0.003014070079637293
