Wavelength (nm),EQE pixel 1,EQE pixel 2,EQE pixel 3,EQE pixel 4,EQE pixel 5,EQE pixel 6,EQE pixel 7,EQE pixel 8
710.026,0.10975134427143973,0.04484105853234813,0.0323569129870159,0.02948878848897982,0.08837159525085578,0.03765085277513496,0.03311196101508973,0.025275447065541655
720.012,0.03397046984492568,0.013875076314615025,0.00979854499544024,0.010903143499139858,0.026185436758993097,0.011627732748278836,0.009736460697010722,0.009137682995931614
729.991,0.01062182857302042,0.00538771414562977,0.00414566309375016,0.0050342356946171595,0.008417711857932355,0.004671132851061188,0.004041394536991382,0.004361513660783414
739.964,0.004337174794682668,0.0029714472764782347,0.002589741413909179,0.0030680925767850283,0.0037217873905481453,0.0027086221340361007,0.002506198976544301,0.0027998286450490544
