Wavelength (nm),EQE pixel 1,EQE pixel 2,EQE pixel 3,EQE pixel 4,EQE pixel 5,EQE pixel 6,EQE pixel 7,EQE pixel 8
709.968,0.5237389095179044,0.46895950149602733,0.4656599830821694,0.4721280543406782,0.4412730612682967,0.516646851296934,0.4760765932590473,0.4420759361295671
720.029,0.5003451963499959,0.44701609574073675,0.43117515432519365,0.4497706164709135,0.3604153761791088,0.4741147131174808,0.4452798611359592,0.4067207718783582
730.004,0.46802711597025143,0.41289871362226366,0.38777439198709795,0.4132404580302604,0.2842867172734999,0.4151206166704897,0.4018961383216797,0.359593557061195
739.972,0.41727707888770943,0.3695017987552211,0.33369109608901315,0.3602478299406004,0.21378502385971873,0.3398278223031239,0.3463150721934501,0.29897736454409485
