Wavelength (nm),EQE pixel 1,EQE pixel 2,EQE pixel 3,EQE pixel 4,EQE pixel 5,EQE pixel 6,EQE pixel 7,EQE pixel 8
709.968,0.6116245398800421,0.5353768729969921,0.094911547919568,0.06774936569689889,0.2536696064564977,0.11067389847980166,0.17256728991177395,0.07943596172746326
720.029,0.578037850671775,0.5102869399529548,0.056197480687526724,0.041896668784067885,0.19345303122033705,0.06683599619098475,0.10073257172521818,0.04822395296235926
730.004,0.5306209130542976,0.474897242256721,0.03227986919729025,0.025514125143915656,0.14221208395312368,0.03927116282567393,0.055507013127436236,0.026729831993059894
739.972,0.4680222621451122,0.42325596586440567,0.01724328424876081,0.013644615944370466,0.09753138916409104,0.021513935202517154,0.028377202532955337,0.01311868988048218
