Wavelength (nm),EQE pixel 1,EQE pixel 2,EQE pixel 3,EQE pixel 4,EQE pixel 5,EQE pixel 6,EQE pixel 7,EQE pixel 8
729.968,0.007244775908070621,0.006332484815575057,0.005702936354714748,0.0067585639066388105,0.007459179194676398,0.006427607487261329,0.006343282723509459,0.006897163918173173
740.018,0.0036265488884044197,0.0033643452969810608,0.0031526214369345463,0.003841869211408437,0.003686710625092542,0.003310422000264414,0.0033369381147024544,0.0039038953852358078
749.981,0.002423326561211774,0.002359727467330142,0.002295814847438709,0.0026135099416303514,0.00245349088014782,0.0022842235094320366,0.0023522764184990036,0.0027102587832801726
