Wavelength (nm),EQE pixel 1,EQE pixel 2,EQE pixel 3,EQE pixel 4,EQE pixel 5,EQE pixel 6,EQE pixel 7,EQE pixel 8
730.001,0.36495795848647,0.3933407815988749,0.33821299432172636,0.3423259947012122,0.4228299226338588,0.4152891007028236,0.3366610975392155,0.3339198370596562
739.969,0.3115254783694068,0.3505166407078506,0.29492800805934727,0.2899019843842711,0.36612206360361677,0.3710923647451825,0.2845986792091143,0.2907057378689562
750.008,0.24547472974858897,0.2913189845266556,0.24140606290091407,0.22259170684053756,0.2900515490971831,0.30750387878315677,0.22327215755499089,0.23402819622327842
