Wavelength (nm),EQE pixel 1,EQE pixel 2,EQE pixel 3,EQE pixel 4,EQE pixel 5,EQE pixel 6,EQE pixel 7,EQE pixel 8
729.991,0.3423042646237849,0.0581346851736409,0.09259972901360916,0.10278693600845093,0.38601107215122016,0.09026256287057616,0.04999610470140573,0.04061098587477238
739.964,0.278279611943295,0.03375055090524107,0.05371054277705395,0.05396746581017166,0.3001338023778976,0.05002802412057116,0.03198908873797575,0.02073153994697031
750.007,0.20903056440920978,0.0175618679662032,0.0290082430728143,0.023835481370670666,0.20882193691532644,0.02411861781939631,0.019375210840292038,0.00963537482967509
