Wavelength (nm),EQE pixel 1,EQE pixel 2,EQE pixel 3,EQE pixel 4,EQE pixel 5,EQE pixel 6,EQE pixel 7,EQE pixel 8
709.968,0.27575345833496867,0.39307995434414833,0.32765575610943115,0.21428244327214208,0.2836190141309416,0.25068318198852735,0.323144513994569,0.18167565891565815
720.029,0.20042266015464003,0.32187380006328115,0.27067123468312093,0.15911526290555558,0.197613336139328,0.16738881708589945,0.2628293730140201,0.11979006935014573
730.004,0.130940358331875,0.24828655617826578,0.2200202032880377,0.1091239408953969,0.1265247593645361,0.10516317975544487,0.2012423223678221,0.07168490725142442
739.972,0.07744387479563869,0.18614964056902264,0.1713385569490717,0.06818418910363334,0.07389110860062055,0.06324708186397991,0.14860140072968342,0.038290807264191144
