Wavelength (nm),EQE pixel 1,EQE pixel 2,EQE pixel 3,EQE pixel 4,EQE pixel 5,EQE pixel 6,EQE pixel 7,EQE pixel 8
729.991,0.39279651547141037,0.2992970596346972,0.37532311369049276,0.30065983569605076,0.26838209332543667,0.32383394750055355,0.3454904867100174,0.3184878837457893
739.964,0.3758916990797455,0.28255630935906173,0.34399310983104386,0.26933161542152506,0.25863181976480254,0.294039928571875,0.31787097645858514,0.27092903013908753
750.007,0.34126500357363965,0.2528844095083326,0.2926527140249233,0.21934568140923746,0.2374561509911978,0.24953239782459716,0.2700274454166995,0.20428041313517817
