Wavelength (nm),EQE pixel 1,EQE pixel 2,EQE pixel 3,EQE pixel 4,EQE pixel 5,EQE pixel 6,EQE pixel 7,EQE pixel 8
730.006,0.15525756278654765,0.05132065352187106,0.023105525235803615,0.011944710740115109,0.3963599022560469,0.12086707212276672,0.04663402048214815,0.013678784666572167
739.974,0.09055722336356391,0.028230633675586963,0.013368312032566108,0.006620762013047189,0.29560636695480835,0.06662570636469237,0.02267095648132411,0.007380044465328255
750.014,0.0454973770568006,0.014493950261977561,0.007462645038418285,0.003960546805962118,0.19240984564491073,0.03286954689671762,0.010577152765369727,0.004381991596462783
