Wavelength (nm),EQE pixel 1,EQE pixel 2,EQE pixel 3,EQE pixel 4,EQE pixel 5,EQE pixel 6,EQE pixel 7,EQE pixel 8
709.968,0.12151283880065634,0.17991547930204085,0.5028902598582744,0.5446929391589892,0.10543618527669359,0.15638453045416387,0.21379108533098665,0.22982297945375846
720.029,0.08148271554155487,0.11359747927301637,0.46176262341199276,0.5142420156172455,0.06581322060032017,0.08869927403162489,0.11488221505492657,0.13790131136803815
730.004,0.049225518764466375,0.06464301544258312,0.4108383358853484,0.471356264636963,0.037316847066758,0.04651037153488755,0.05427679432259005,0.07279878626587225
739.972,0.02608047874908894,0.032138091256622814,0.3370467575932598,0.4109693411688271,0.018507562911560062,0.02082283928903206,0.021906628523196744,0.034543323007131546
