Wavelength (nm),EQE pixel 1,EQE pixel 2,EQE pixel 3,EQE pixel 4,EQE pixel 5,EQE pixel 6,EQE pixel 7,EQE pixel 8
729.968,0.1629007905562584,0.018252765761227894,0.03989763078221403,0.026992333647249452,0.0293276866551091,0.03119031652954041,0.021168365287346957,0.02322602050805187
740.018,0.13350126079902963,0.010370072565993736,0.023715169648153213,0.015837984969511856,0.018262742205384742,0.016706398331103607,0.012891746505487323,0.012574328621166194
749.981,0.10260266944992102,0.005989578301199228,0.013380503356910605,0.008916328357633181,0.011149195533323136,0.00869397252243252,0.00775710707350022,0.006493847474575543
