Wavelength (nm),EQE pixel 1,EQE pixel 2,EQE pixel 3,EQE pixel 4,EQE pixel 5,EQE pixel 6,EQE pixel 7,EQE pixel 8
729.991,0.4774843880496718,0.2557789744747646,0.1804753032587476,0.054019036232120815,0.2609161912051489,0.10484858579145426,0.10329967427420027,0.05021824200439753
739.964,0.3554513524137097,0.15600229292592463,0.09444014904706034,0.029642758236109883,0.15832674752408385,0.054267564477881065,0.05209994105964934,0.027132120993477463
750.007,0.22712207504128024,0.0811855323311197,0.04202837907584525,0.014498767716280251,0.08113754327165197,0.024550011201456782,0.024601396959887372,0.013273815286898222
