Wavelength (nm),EQE pixel 1,EQE pixel 2,EQE pixel 3,EQE pixel 4,EQE pixel 5,EQE pixel 6,EQE pixel 7,EQE pixel 8
729.968,0.1308728821127819,0.01816361513135575,0.007065906529339343,0.005900916863490094,0.2981337464052523,0.03666048484195509,0.012471039253983997,0.00595497623850377
740.018,0.06543998805565841,0.011280332941078454,0.0046311709808723855,0.0035864654496378873,0.21483334751537198,0.019522423185001143,0.007120301331793655,0.003792761143411451
749.981,0.028324787044669755,0.006820792232537376,0.0031594082333275377,0.0024414731448482363,0.13978112363201114,0.00960008631322064,0.004149340239103077,0.002636645171441262
