Wavelength (nm),EQE pixel 1,EQE pixel 2,EQE pixel 3,EQE pixel 4,EQE pixel 5,EQE pixel 6,EQE pixel 7,EQE pixel 8
709.971,0.4718721327825375,0.3913039112013853,0.23945250537262136,0.41494980817770344,0.42637591747821985,0.3917811225857745,0.45389431726807744,0.4453865456364923
720.031,0.4435158929224071,0.34831495495011633,0.2245383718483939,0.3928280396119917,0.39922503420265393,0.3426445161974532,0.4158960949206993,0.40052515446016096
730.006,0.40355422752820985,0.2962623192272495,0.2032494305814943,0.35898749968989485,0.360926446364428,0.289765678122081,0.36471112541989065,0.3395916984806292
739.974,0.34908578744281643,0.240232592603043,0.17648651782332092,0.3150395587622046,0.30998610097117935,0.23414208051448337,0.28846437024483257,0.26676062069756085
