Wavelength (nm),EQE pixel 1,EQE pixel 2,EQE pixel 3,EQE pixel 4,EQE pixel 5,EQE pixel 6,EQE pixel 7,EQE pixel 8
729.991,0.23466299183481165,0.39575261193491423,0.3911184577012227,0.5078825541517323,0.42993653691852507,0.3749962164329813,0.4281455061147539,0.46344984203275674
739.964,0.16052653724917818,0.3288802341765208,0.32392972496111194,0.4363057898512492,0.35997802062701606,0.3016120402841374,0.33904004329104287,0.37367240678378966
750.007,0.09875694613525368,0.2517631063820418,0.2442608047548587,0.34473837280781383,0.2726128223494534,0.2229453439510851,0.24085052072458418,0.2693293237816358
