Wavelength (nm),EQE pixel 1,EQE pixel 2,EQE pixel 3,EQE pixel 4,EQE pixel 5,EQE pixel 6,EQE pixel 7,EQE pixel 8
730.004,0.44368295552479486,0.17734372800171846,0.029284598803886987,0.07541636935523323,0.07424198738204432,0.013024462575758181,0.004125600771386859,0.00518528614548826
739.972,0.343456195942903,0.11192562717332243,0.015471852224440322,0.04946598060023952,0.05014643764242231,0.0069212039894139404,0.0026663502847700084,0.0033456254371352747
750.011,0.22186852905143614,0.06037966973380694,0.007594894424173991,0.029778178309612963,0.02985381063951634,0.003761111527594114,0.002012750800872677,0.00234500237840976
