Wavelength (nm),EQE pixel 1,EQE pixel 2,EQE pixel 3,EQE pixel 4,EQE pixel 5,EQE pixel 6,EQE pixel 7,EQE pixel 8
730.006,0.2570697525969318,0.12736114816238492,0.12215229433448851,0.0962592633350457,0.24355915780695153,0.1166660912611886,0.12617024832690624,0.11643808573185024
739.974,0.17620303796810557,0.06822753604308981,0.07398995576714737,0.053667537514682666,0.1555072027514413,0.061355096272659206,0.06856643114896614,0.07348696129060206
750.014,0.10708976769464816,0.03311971852303918,0.04129412556781913,0.026463317994409978,0.08736398586585493,0.02951142772605487,0.033985678353183384,0.04325305141571197
