Wavelength (nm),EQE pixel 1,EQE pixel 2,EQE pixel 3,EQE pixel 4,EQE pixel 5,EQE pixel 6,EQE pixel 7,EQE pixel 8
710.006,0.603171839739514,0.6247233943141811,0.5751848278568262,0.5999361218942754,0.5270477630538516,0.49021015854424604,0.5593177843413986,0.523947237311977
719.99,0.567052247542206,0.5828117839075536,0.5381578084003106,0.5322541844153367,0.49399979036351055,0.4518293002060956,0.5203643921822323,0.4709053322420339
729.968,0.517571724995387,0.5231656521866769,0.4872258272865312,0.44219444807567676,0.4492496795307522,0.4062541689249163,0.46858068415066617,0.40082205807359783
740.018,0.44839435795032323,0.4380335676970361,0.41215024813750345,0.33164503866945766,0.3867153464134808,0.34070112994774515,0.4015619483451271,0.311341652977885
