Wavelength (nm),EQE pixel 1,EQE pixel 2,EQE pixel 3,EQE pixel 4,EQE pixel 5,EQE pixel 6,EQE pixel 7,EQE pixel 8
710.026,0.569648996313681,0.4177086654087977,0.4749119719745932,0.47661451519725967,0.37811385266123004,0.5560164523699491,0.5025421326670583,0.5014765164991177
720.012,0.5521132478342715,0.40120764369166606,0.4461335263614295,0.4560001252239538,0.3663032983906249,0.5326231944409805,0.4649565071645008,0.46679386278986545
729.991,0.5248636215655899,0.3754103264712047,0.41026817448156455,0.42962655841480096,0.3486987167117017,0.49806906463120276,0.4183678832160854,0.4239065574659016
739.964,0.48493456551491493,0.3383973173012489,0.365367953212241,0.3924403375515451,0.32432454807141675,0.4488153326465671,0.36149541908749216,0.37027270596470574
