Wavelength (nm),EQE pixel 1,EQE pixel 2,EQE pixel 3,EQE pixel 4,EQE pixel 5,EQE pixel 6,EQE pixel 7,EQE pixel 8
729.991,0.514973534914146,0.5272769522427091,0.49514027761710394,0.3969847314851459,0.5396844635922423,0.5027416115951763,0.4822076779377136,0.4422337191871574
739.964,0.4727980225223748,0.4847970338211585,0.4419759486160591,0.33401745190943516,0.48009544266402526,0.45292164772079474,0.41961726547982847,0.37255783319623653
750.007,0.4093559811347117,0.42146185986766893,0.3690124727078158,0.25431639090562796,0.3953693642660892,0.38168614468719364,0.3380188748158836,0.2814847423879464
