Wavelength (nm),EQE pixel 1,EQE pixel 2,EQE pixel 3,EQE pixel 4,EQE pixel 5,EQE pixel 6,EQE pixel 7,EQE pixel 8
730.004,0.33500806438819963,0.2977198730186233,0.1424010206393251,0.25137408141917,0.24663023807333084,0.2526363997957524,0.29146287064445986,0.40906565358279245
739.972,0.24147345099614625,0.2314504354704091,0.10504213092271344,0.1989278861525456,0.18831729633071406,0.19720893954814017,0.2192119364941357,0.3454261791268299
750.011,0.16483981594914038,0.1694083151883283,0.07098787317570726,0.14107293915191313,0.13279280195145746,0.13736886315959915,0.1464008102945666,0.261452347565002
