Wavelength (nm),EQE pixel 1,EQE pixel 2,EQE pixel 3,EQE pixel 4,EQE pixel 5,EQE pixel 6,EQE pixel 7,EQE pixel 8
729.991,0.44325219532184723,0.4365457204722209,0.37888240282765373,0.49779848615665745,0.35740403568756,0.11922654523843212,0.28871222195850266,0.35971964645129034
739.964,0.3780177518737706,0.3675186166788489,0.3356380912213853,0.42455139830759303,0.31709061030599717,0.09472034638092416,0.2404004963017687,0.2933700483069925
750.007,0.2922158201839754,0.2847997986759331,0.28177405200483086,0.3369782136953963,0.2576097060082796,0.07137242089419533,0.1832354766582702,0.22032407136398796
