Wavelength (nm),EQE pixel 1,EQE pixel 2,EQE pixel 3,EQE pixel 4,EQE pixel 5,EQE pixel 6,EQE pixel 7,EQE pixel 8
710.006,0.07815890532843704,0.058060370134759,0.05058268888839721,0.038594043095155524,0.10631402062246809,0.06590075198029963,0.05080188796692965,0.03302955252679139
719.99,0.02449905068665427,0.019148501534792084,0.01523255955282195,0.014306842490082409,0.03375855465981124,0.02067171945092581,0.016249743263668355,0.011613506386515591
729.968,0.008360955344890035,0.00724798738047889,0.0057861322167017,0.006428932457426279,0.010917565983510681,0.007369752837175827,0.006214456310828355,0.005234722060171346
740.018,0.0038007385324262993,0.0036402570347668795,0.0031074065281679218,0.0036959884531172853,0.004466351258612623,0.0035624091775390107,0.003260192902341636,0.0031365594992129177
