Wavelength (nm),EQE pixel 1,EQE pixel 2,EQE pixel 3,EQE pixel 4,EQE pixel 5,EQE pixel 6,EQE pixel 7,EQE pixel 8
709.968,0.4793656394484104,0.10966999527102651,0.07427771011890777,0.03554333746157854,0.06081740500719419,0.10092001539168204,0.0713476341552096,0.07372543557346337
720.029,0.41416389014917554,0.06778321820831971,0.03661545832742545,0.019109205955468677,0.03172437566709007,0.05048245784628231,0.040081071279665835,0.0441033344907411
730.004,0.3452038180879657,0.0420955603850636,0.019098188174970575,0.011384928724308952,0.017266763370704194,0.02525849644234114,0.023424259276651538,0.02549299270278874
739.972,0.2679862374712569,0.024857811038658556,0.009806577441631862,0.00696816228678037,0.009494268200206301,0.012720031405831795,0.013532323525503376,0.013434418852421044
