Wavelength (nm),EQE pixel 1,EQE pixel 2,EQE pixel 3,EQE pixel 4,EQE pixel 5,EQE pixel 6,EQE pixel 7,EQE pixel 8
709.971,0.45107019243365953,0.3403940214680221,0.3663825869615521,0.38879245364380677,0.2790616416474752,0.35320001484335556,0.38448839899824383,0.37748961171496564
720.031,0.42052902248452095,0.3294119561531415,0.33974384859308865,0.36967875413539325,0.2679333592941754,0.3376475814008542,0.35142643597354706,0.35567547737561384
730.006,0.38475058498553627,0.3093072271587651,0.3095186517534057,0.34395454364900285,0.25301809151877275,0.3085533617928573,0.3124092893503367,0.3252581403393035
739.974,0.33510251483247816,0.2778211978392713,0.270887381966963,0.30481276826269715,0.2307637510792315,0.2701792883287661,0.26351042083668236,0.28198474619403846
