Wavelength (nm),EQE pixel 1,EQE pixel 2,EQE pixel 3,EQE pixel 4,EQE pixel 5,EQE pixel 6,EQE pixel 7,EQE pixel 8
730.004,0.198824764330685,0.02356160525554222,0.06879304803568394,0.3901798130806916,0.2426411125583559,0.2565479758458065,0.11538623375345886,0.4111842093795765
739.972,0.1597069606009092,0.013890655273944553,0.045903551029418496,0.3142999590880986,0.16330981041195836,0.20315258056579075,0.08015560765159124,0.3395827582527446
750.011,0.1211397956212139,0.007964824105150627,0.02858552964709411,0.22829341331993275,0.09865331732750972,0.1460429034053696,0.05056144077427051,0.25726209461121624
