Wavelength (nm),EQE pixel 1,EQE pixel 2,EQE pixel 3,EQE pixel 4,EQE pixel 5,EQE pixel 6,EQE pixel 7,EQE pixel 8
710.006,0.45143580332418515,0.3781386154854016,0.3224197806527241,0.31109951589114954,0.4069215829774118,0.46435317518440705,0.19170793908837327,0.006454879745156716
719.99,0.43239218922022515,0.3605798479633081,0.30602346129640706,0.2903437566556232,0.3866511240412772,0.43979531668598887,0.1314787909928102,0.004194967613528903
729.968,0.4072608867269818,0.33666695575322353,0.2838591921387165,0.26586047753006675,0.3592586940334189,0.40911147303341666,0.08842415354448321,0.002894612325819424
740.018,0.3687207288227587,0.3018602028721444,0.25259693672717526,0.23346607111306572,0.3184185914754769,0.3626065346755647,0.05395759409134554,0.002222251655033099
