Wavelength (nm),EQE pixel 1,EQE pixel 2,EQE pixel 3,EQE pixel 4,EQE pixel 5,EQE pixel 6,EQE pixel 7,EQE pixel 8
729.991,0.42708111603540644,0.5138073976308999,0.3987540243988486,0.5366928891346315,0.519199639848113,0.37117247623163474,0.34318108110847706,0.3057291131463748
739.964,0.36558936386306656,0.4388962844078914,0.3351837637749321,0.4755848700483799,0.4597979243215124,0.30385382293790025,0.2772744641256048,0.24333872130256706
750.007,0.2854849790643836,0.34173824847205836,0.2581862156505096,0.38163502606271027,0.37518106340681073,0.22396517552174042,0.20577761053689994,0.17184070758338257
