Wavelength (nm),EQE pixel 1,EQE pixel 2,EQE pixel 3,EQE pixel 4,EQE pixel 5,EQE pixel 6,EQE pixel 7,EQE pixel 8
710.006,0.6038718073403773,0.5562620827801495,0.5290891997831685,0.5316872357609121,0.5023380712891751,0.556997002924919,0.5178466947512909,0.501588676911781
719.99,0.5662001404520396,0.5135788676730038,0.48783051413641426,0.4990874902404723,0.47073413806047054,0.5148234800550994,0.47057043399948384,0.4679698417649929
729.968,0.5170163952811595,0.4627145408229732,0.4393145191117618,0.4582495105636581,0.42713128058745164,0.4603145319976574,0.41485885703888825,0.42502835940745964
740.018,0.44777620596014794,0.39548038216960657,0.3761711062407539,0.3989459436826311,0.3659490909509656,0.3859260627659584,0.3445215207167633,0.36463533373442436
