Wavelength (nm),EQE pixel 1,EQE pixel 2,EQE pixel 3,EQE pixel 4,EQE pixel 5,EQE pixel 6,EQE pixel 7,EQE pixel 8
709.968,0.3590954454438459,0.25554185414907954,0.17567761170338056,0.1115333369573336,0.26345751795428307,0.31744644878859496,0.27107752345459674,0.21970799464145463
720.029,0.33650053172361966,0.22433547716523403,0.1556892684151266,0.09458225904071911,0.22496449380213032,0.27392789328372075,0.2422253330215445,0.19780230469286164
730.004,0.29970848291240226,0.18764537455998503,0.13148162484365566,0.07766043450546012,0.18010827707793794,0.22239445439061364,0.2057350005840902,0.16942590609093067
739.972,0.25077225789284785,0.1477422154264464,0.10288388070262255,0.061621898942368004,0.13710394771917947,0.16749522988518792,0.16331150144056233,0.13618892898562465
