Wavelength (nm),EQE pixel 1,EQE pixel 2,EQE pixel 3,EQE pixel 4,EQE pixel 5,EQE pixel 6,EQE pixel 7,EQE pixel 8
709.971,0.03152976209448382,0.024794800519780124,0.01834212986328796,0.026165476847899476,0.05895311275612437,0.028807444355232144,0.021820712588036525,0.02372387308222356
720.031,0.010501682837257562,0.007608083710163626,0.00715956405821718,0.009413223897862826,0.01865672308228197,0.00987385316212142,0.007048683200848068,0.009080003519288764
730.006,0.004449419484505203,0.003426891555474704,0.0036614328947759548,0.0041381266866314425,0.006733234427998785,0.004315509000068583,0.003315685521029534,0.004197131481100728
739.974,0.0026079689714251938,0.002241521449529143,0.0024480642684690606,0.0024688053342182,0.0032899530362531684,0.0025779473339192687,0.002222637982567282,0.002531311139030557
