Wavelength (nm),EQE pixel 1,EQE pixel 2,EQE pixel 3,EQE pixel 4,EQE pixel 5,EQE pixel 6,EQE pixel 7,EQE pixel 8
709.968,0.04950807011406229,0.5405614968399036,0.027798510071396346,0.03895202831346118,0.03327548025401739,0.4922024224997599,0.06737106367208982,0.04802063367346897
720.029,0.022470346066107504,0.47979502091082293,0.013736425780020767,0.015969877492603746,0.015058735387710437,0.44549982547809236,0.036345143965922866,0.021983068253313386
730.004,0.012745163551415905,0.40942666447185655,0.007785360591295126,0.007794559009357107,0.008124587174742872,0.3905405379514318,0.01861836902426299,0.010926829960679053
739.972,0.007679525910310014,0.33208132773549826,0.004619976443721614,0.004355860310244655,0.00491353708371347,0.32562405250969456,0.00898936689932485,0.005713169055332738
