Wavelength (nm),EQE pixel 1,EQE pixel 2,EQE pixel 3,EQE pixel 4,EQE pixel 5,EQE pixel 6,EQE pixel 7,EQE pixel 8
730.004,0.43128140971517687,0.3444394172463854,0.4070842367174788,0.3557483380487092,0.3796895866132922,0.33158146786870907,0.37627351351356253,0.3560031829861062
739.972,0.36022605819105,0.3054842734880826,0.358144278884069,0.30777771730504333,0.33053774047924767,0.29578231318964215,0.3263020436148773,0.29364141907395525
750.011,0.2764397923980376,0.25668113220445454,0.2911536314795424,0.2436770920983012,0.2670116239083392,0.24652346016929025,0.25857257292715957,0.21645951636215705
