Wavelength (nm),EQE pixel 1,EQE pixel 2,EQE pixel 3,EQE pixel 4,EQE pixel 5,EQE pixel 6,EQE pixel 7,EQE pixel 8
729.968,0.44128779509857186,0.4053352178313632,0.5105286737039507,0.4307892057588497,0.3290581100833778,0.31892566280939116,0.19062494105026062,0.3178318804966685
740.018,0.32842253989078946,0.29339080893355574,0.4544388897987947,0.35272341842864197,0.2343924096241413,0.21280553350359854,0.16928348221939077,0.2925133024369407
749.981,0.21662155303367459,0.18822703845595787,0.36859904599156035,0.25154673285653834,0.14902314528135216,0.1245337229383008,0.14022528695972106,0.2513721505476286
