Wavelength (nm),EQE pixel 1,EQE pixel 2,EQE pixel 3,EQE pixel 4,EQE pixel 5,EQE pixel 6,EQE pixel 7,EQE pixel 8
730.004,0.2095007831745087,0.2643270136246058,0.2048017850062761,0.15441290630436114,0.2884575485070651,0.2110716783246686,0.2260227637080994,0.21195890106698576
739.972,0.19680978378382616,0.24921911173152747,0.18792775541695447,0.13458250891807394,0.2628725552556543,0.1889132461533154,0.19182327635160293,0.16976469650272
750.011,0.18140487090413804,0.22568519144972438,0.16274430255978975,0.11248629240186069,0.2248414822948281,0.1575852097634787,0.14906900511337637,0.12421439526101566
