Wavelength (nm),EQE pixel 1,EQE pixel 2,EQE pixel 3,EQE pixel 4,EQE pixel 5,EQE pixel 6,EQE pixel 7,EQE pixel 8
729.968,0.14758565839507234,0.020597632722653334,0.15203170159164964,0.05930410951922892,0.15864777497597635,0.012591832486898632,0.3185511783382457,0.25231899242551986
740.018,0.13792468351376788,0.019130527200523592,0.12767352651383393,0.05008399527534864,0.14756534817404096,0.011436585524166588,0.2505904612064804,0.20168105682684054
749.981,0.11932185342704821,0.01737775164319521,0.09703436141457625,0.03886896418666227,0.12689480682068846,0.010086501379855494,0.17093277039136473,0.14171395230115824
