Wavelength (nm),EQE pixel 1,EQE pixel 2,EQE pixel 3,EQE pixel 4,EQE pixel 5,EQE pixel 6,EQE pixel 7,EQE pixel 8
710.006,0.1287764367149913,0.11687656301961505,0.0567839367850335,0.029437924654369268,0.12472222799363952,0.16713758520839675,0.10705582724778512,0.06824314413977069
719.99,0.07959497556639447,0.0677586571081796,0.02805054556451158,0.015653336208054768,0.0722513737764993,0.08802934579034974,0.05473496950998694,0.039804674482073546
729.968,0.0476870960185925,0.035529596988767086,0.014038026087186453,0.008744163760538534,0.03855183123437035,0.04049808568476593,0.026561718412590918,0.02180955413605986
740.018,0.026402539954409623,0.016473073502461816,0.006972723633912739,0.004941621509458342,0.018444906311397984,0.016838477425294755,0.01212227301625803,0.01085813604545589
