Wavelength (nm),EQE pixel 1,EQE pixel 2,EQE pixel 3,EQE pixel 4,EQE pixel 5,EQE pixel 6,EQE pixel 7,EQE pixel 8
730.006,0.3497434528345816,0.1595733503099969,0.2595948110882265,0.3334218622897324,0.31275748074929,0.3566067114264311,0.326529567982437,0.2778544804223165
739.974,0.2608831926478622,0.08828392480275113,0.18493416830985063,0.24658826943272857,0.20443208797869167,0.3153353274605465,0.2663022775205733,0.1934092237540875
750.014,0.1710737585744309,0.04226682112950013,0.11895377728087955,0.15815966978575358,0.11503008998109389,0.2582669809008452,0.195397915252968,0.11747903907194171
