Wavelength (nm),EQE pixel 1,EQE pixel 2,EQE pixel 3,EQE pixel 4,EQE pixel 5,EQE pixel 6,EQE pixel 7,EQE pixel 8
710.026,0.47686623199295014,0.5151692294931407,0.5098462099471381,0.44044000136077266,0.4530550054909581,0.45168348397692537,0.4890282099860277,0.448294346914924
720.012,0.4660883448936236,0.493803940914069,0.4837734922103739,0.3987492909676109,0.43685906157073334,0.429104355430625,0.45793437986598184,0.4156748797803924
729.991,0.4506949049226279,0.46538187870789416,0.44959826652903195,0.3497810855598358,0.4152820974736117,0.398574591021227,0.4177331165949495,0.37481430505285945
739.964,0.42492416099861346,0.4229606382343559,0.39959034440766733,0.28839732291401066,0.3823811992248659,0.35389567910191855,0.3613864833837822,0.3203229149429084
