Wavelength (nm),EQE pixel 1,EQE pixel 2,EQE pixel 3,EQE pixel 4,EQE pixel 5,EQE pixel 6,EQE pixel 7,EQE pixel 8
710.026,0.4531351209834651,0.5522159857719667,0.3634012847840118,0.272806849302007,0.3661164607086311,0.48872391427620343,0.414443042728339,0.2327009457991799
720.012,0.4488887681905855,0.45017109139852907,0.23960761476495676,0.1899376645686509,0.3539830346136721,0.367903952352309,0.2826532288600755,0.15083681691350515
729.991,0.4345385301321666,0.33272177071056436,0.14416625444648593,0.11692072807419156,0.33474351459567975,0.24656155619098835,0.1719743813555033,0.08833147009784187
739.964,0.4097971221587303,0.21717454841965397,0.07870517058368372,0.06165090953605014,0.3077322039357034,0.14410986747194326,0.094565622418313,0.0455156871608924
