Wavelength (nm),EQE pixel 1,EQE pixel 2,EQE pixel 3,EQE pixel 4,EQE pixel 5,EQE pixel 6,EQE pixel 7,EQE pixel 8
710.026,0.06656068164575542,0.04235803280274286,0.03722079939727134,0.03067989272728486,0.0938336731910831,0.041623506877200234,0.040069668320328294,0.028216055743516058
720.012,0.02176781932091564,0.014307341709108337,0.012176472942980927,0.01217024057897362,0.029675147405231143,0.013692973593265701,0.01201219851055279,0.01103074167054223
729.991,0.008075511668100572,0.005909950095060118,0.0052202859820399145,0.005802033520423269,0.01000094669203392,0.00571810177622924,0.004817141927706744,0.005442101959327953
739.964,0.0038755742200398268,0.00330201192404605,0.0030766344402525397,0.003418562703930824,0.004432863709582207,0.003148628683535835,0.002773910516676955,0.003279499995654393
