Wavelength (nm),EQE pixel 1,EQE pixel 2,EQE pixel 3,EQE pixel 4,EQE pixel 5,EQE pixel 6,EQE pixel 7,EQE pixel 8
710.006,0.0577492577293984,0.06264990880241442,0.02661083567862505,0.03206483385892652,0.043376726353785144,0.04171989351234708,0.02868455576267078,0.02870313474912286
719.99,0.01902100279417504,0.0199978671432326,0.009554428447877801,0.012620898522964686,0.01363257729501924,0.012554321692719113,0.009400575154132647,0.01102073697152775
729.968,0.007335702214750102,0.007196823777525088,0.004602109781365291,0.006017788527100922,0.005170295384427627,0.004825240785831524,0.004288432502449994,0.00532199723156738
740.018,0.003774916947444103,0.0034863749021814237,0.0029045884262158626,0.003565303509543897,0.0026705100337818142,0.0026689283881906685,0.002615690894233873,0.0032411721761316835
