Wavelength (nm),EQE pixel 1,EQE pixel 2,EQE pixel 3,EQE pixel 4,EQE pixel 5,EQE pixel 6,EQE pixel 7,EQE pixel 8
710.026,0.4914321326605004,0.563830029867798,0.32056102209722404,0.31049534222307995,0.4508460127447985,0.47616680583798315,0.3731430712120073,0.37354621761820117
720.012,0.3732601207401338,0.4679485099498612,0.2124320676694283,0.22741877871182087,0.32347149470203634,0.3560444541667918,0.27815201982707644,0.29498036568797054
729.991,0.2552395873052557,0.3535858508577293,0.1344219373501643,0.15268030443375485,0.20647609357163796,0.23969017429821704,0.19646315917941515,0.2129732077877482
739.964,0.15386422052345403,0.23965853379849172,0.08118781840424086,0.09369326051305436,0.11609067850053882,0.14590832148806637,0.13002999518057817,0.1398172765583445
