Wavelength (nm),EQE pixel 1,EQE pixel 2,EQE pixel 3,EQE pixel 4,EQE pixel 5,EQE pixel 6,EQE pixel 7,EQE pixel 8
710.006,0.48752650158395816,0.5460411197875464,0.5004890082705746,0.5402543297134088,0.47723428585528,0.4836243972441568,0.04161670635856231,0.003289481169937276
719.99,0.44912814277363594,0.5050118349781034,0.458044489075263,0.511250864975538,0.4367273268692631,0.4405090159958648,0.023927711545352025,0.0019897737647333017
729.968,0.4064879175435131,0.4580440722531234,0.41302155716464983,0.4724698812182745,0.39621295390838407,0.39103061063032635,0.015146324259741753,0.0014192112858381495
740.018,0.3487699961634378,0.3961545243793653,0.35589114494988855,0.41376998325632924,0.3442796621347338,0.32541231487919886,0.008549578508042615,0.0009217163648512637
