Wavelength (nm),EQE pixel 1,EQE pixel 2,EQE pixel 3,EQE pixel 4,EQE pixel 5,EQE pixel 6,EQE pixel 7,EQE pixel 8
729.968,0.5700144811537788,0.5274208085243416,0.4857820411492351,0.5156734907560051,0.4654954732536372,0.42268650789898693,0.4483786779149554,0.45434439735999427
740.018,0.5048387789178984,0.47253519133327604,0.4303150847567572,0.4383099127905021,0.4050200577118259,0.355989244107858,0.38634438761664797,0.36884685050243254
749.981,0.4099089046128929,0.3894678642723622,0.3504916037177241,0.33393315120506945,0.32357329651917427,0.27459516740988243,0.3048969009305032,0.2654733978600003
