Wavelength (nm),EQE pixel 1,EQE pixel 2,EQE pixel 3,EQE pixel 4,EQE pixel 5,EQE pixel 6,EQE pixel 7,EQE pixel 8
729.968,0.31665328051969516,0.3647775453909704,0.32812657212815277,0.3388794306717511,0.3210963627300463,0.2551773530387011,0.3179597913253242,0.2651569953294983
740.018,0.2800313185187621,0.31380151380901694,0.28219496544189426,0.2853948326248487,0.2842216680087013,0.23063655801844343,0.264747917294521,0.22242399868394766
749.981,0.22305416865818115,0.2421310522298299,0.21901278452340434,0.2110841681746752,0.225106927965792,0.19468635783935567,0.19550380850058868,0.16830552769471852
