Wavelength (nm),EQE pixel 1,EQE pixel 2,EQE pixel 3,EQE pixel 4,EQE pixel 5,EQE pixel 6,EQE pixel 7,EQE pixel 8
709.971,0.3461464442436843,0.3148311109195211,0.24100596201686056,0.3283812433493376,0.18180512648129568,0.2714857216211698,0.30797323095372153,0.3371642999519131
720.031,0.30053690783463766,0.23895594484352173,0.20084199036163297,0.28413599213245194,0.11584793390989305,0.18013599539707884,0.23218690299902445,0.3098517084771006
730.006,0.2443788351916557,0.16700116879035637,0.16021687671037071,0.22972381401226163,0.06775817255068577,0.10597515795640372,0.15955358998058006,0.27622139322429473
739.974,0.17896973258143783,0.10749665496287725,0.11814396988468205,0.169130084831988,0.037014008450350445,0.05566404482923853,0.09724674697218566,0.2325477140298819
