Wavelength (nm),EQE pixel 1,EQE pixel 2,EQE pixel 3,EQE pixel 4,EQE pixel 5,EQE pixel 6,EQE pixel 7,EQE pixel 8
729.991,0.08096071277835164,0.2855903745064135,0.07310570319253523,0.20626693830737755,0.3393148445839178,0.33805981224458326,0.2949631277072661,0.26394746932035495
739.964,0.043771328745436475,0.21586706218730833,0.03640280080518821,0.12436914728403235,0.2995290306451395,0.2948991365130661,0.25455115289094055,0.23336732118435172
750.007,0.020904680373712303,0.1437888201592676,0.01707203633619296,0.06454646851575882,0.2458832509257337,0.239230036085082,0.20346127287094448,0.19311737454567035
