Wavelength (nm),EQE pixel 1,EQE pixel 2,EQE pixel 3,EQE pixel 4,EQE pixel 5,EQE pixel 6,EQE pixel 7,EQE pixel 8
729.991,0.4987459390023177,0.4833723720153459,0.4706256343403431,0.4084450841640197,0.492924175349874,0.43954770741351146,0.46219705928282917,0.4328199019436562
739.964,0.47646262312092397,0.4467632279774598,0.41919393248372133,0.3537998778294493,0.45404295778175113,0.3930407096983198,0.4028546740151671,0.37897670804759087
750.007,0.4398173948200062,0.39339254584078803,0.34953801532110207,0.28347408335913127,0.3952241323034847,0.3299862183531195,0.3257589096698035,0.3037790584813288
