Wavelength (nm),EQE pixel 1,EQE pixel 2,EQE pixel 3,EQE pixel 4,EQE pixel 5,EQE pixel 6,EQE pixel 7,EQE pixel 8
729.968,0.4072608867269818,0.33666695575322353,0.2838591921387165,0.26586047753006675,0.3592586940334189,0.40911147303341666,0.08842415354448321,0.002894612325819424
740.018,0.3687207288227587,0.3018602028721444,0.25259693672717526,0.23346607111306572,0.3184185914754769,0.3626065346755647,0.05395759409134554,0.002222251655033099
749.981,0.3108503312664086,0.2513125395586122,0.20707397678483305,0.18753704382067973,0.2597118544247634,0.29319023059016325,0.03178238480635654,0.0005665606996950734
