Wavelength (nm),EQE pixel 1,EQE pixel 2,EQE pixel 3,EQE pixel 4,EQE pixel 5,EQE pixel 6,EQE pixel 7,EQE pixel 8
729.991,0.0031992806313993465,0.0026576163717817562,0.0021286364933635828,0.0022397898981263626,0.002602233996943641,0.0020780289852559714,0.0020228433536171654,0.002339955921207446
739.964,0.0016387719767526252,0.0014927728490611977,0.0013050344091988634,0.0014419211202876794,0.001507134874374759,0.0013180336239699505,0.001332381387002439,0.0015077600368710586
750.007,0.0011914846764507101,0.001134201446697536,0.001055884491546171,0.0011648315542251654,0.001148597242411968,0.0010621565115395669,0.0010888127969609046,0.001185070037211397
