Wavelength (nm),EQE pixel 1,EQE pixel 2,EQE pixel 3,EQE pixel 4,EQE pixel 5,EQE pixel 6,EQE pixel 7,EQE pixel 8
729.991,0.2552395873052557,0.3535858508577293,0.1344219373501643,0.15268030443375485,0.20647609357163796,0.23969017429821704,0.19646315917941515,0.2129732077877482
739.964,0.15386422052345403,0.23965853379849172,0.08118781840424086,0.09369326051305436,0.11609067850053882,0.14590832148806637,0.13002999518057817,0.1398172765583445
750.007,0.07880526767180691,0.14099831133092988,0.04545509097890774,0.05218673319366299,0.05663824655050104,0.07894023338206498,0.0786184005728998,0.0819395728629941
