Wavelength (nm),EQE pixel 1,EQE pixel 2,EQE pixel 3,EQE pixel 4,EQE pixel 5,EQE pixel 6,EQE pixel 7,EQE pixel 8
729.991,0.4345385301321666,0.33272177071056436,0.14416625444648593,0.11692072807419156,0.33474351459567975,0.24656155619098835,0.1719743813555033,0.08833147009784187
739.964,0.4097971221587303,0.21717454841965397,0.07870517058368372,0.06165090953605014,0.3077322039357034,0.14410986747194326,0.094565622418313,0.0455156871608924
750.007,0.3554971446264378,0.11984761630227185,0.038225484990959825,0.028024810679523924,0.26798490867621866,0.07205119555279045,0.04675797487868556,0.02082252368930577
