Wavelength (nm),EQE pixel 1,EQE pixel 2,EQE pixel 3,EQE pixel 4,EQE pixel 5,EQE pixel 6,EQE pixel 7,EQE pixel 8
710.006,0.07273444423395453,0.04339593472620792,0.03975298069273521,0.036337945732801094,0.04988559973181731,0.056149020909565785,0.04497757525880847,0.04053507475550816
719.99,0.022856309936718677,0.014941256093681892,0.011669741481126369,0.013771083887350438,0.01600018132610302,0.017014551388421315,0.013397128514542824,0.014943173900624494
729.968,0.00803050967147407,0.006154634379152812,0.004704363342035731,0.006229604949275776,0.006189656258416562,0.006106074753435739,0.005275343924789215,0.006645263686278881
740.018,0.003736969718707811,0.003332264668051656,0.0027713728904031278,0.0036009638732058128,0.0032686248915177155,0.003097969443424291,0.0029873036289101698,0.0037685596202213286
