Wavelength (nm),EQE pixel 1,EQE pixel 2,EQE pixel 3,EQE pixel 4,EQE pixel 5,EQE pixel 6,EQE pixel 7,EQE pixel 8
710.026,0.42426405039942505,0.41322778367414204,0.0858592757717167,0.21603958489901337,0.350785857494642,0.23728019559353983,0.0881877162799897,0.3551528847397785
720.012,0.3366016232460102,0.3065994492210593,0.05194327323957277,0.15549171692911143,0.23749803801357652,0.15403710884840208,0.04568372953887429,0.278155807504896
729.991,0.2527260258605098,0.2148789980008234,0.03192196598485848,0.10453320228063061,0.1472914257432955,0.09698499746570718,0.024036703407934932,0.20560051877081884
739.964,0.1772631185459464,0.1413790535423936,0.01925511572185047,0.06345565593332676,0.08334938963560125,0.058965186470322395,0.01295228922364314,0.14029250388997003
