Wavelength (nm),EQE pixel 1,EQE pixel 2,EQE pixel 3,EQE pixel 4,EQE pixel 5,EQE pixel 6,EQE pixel 7,EQE pixel 8
710.006,0.3470038438344358,0.2445543082044032,0.22122443504820685,0.1396527099996864,0.4264642204043791,0.2845670512883169,0.27316681904720636,0.11375844918608731
719.99,0.26114705348453227,0.15127547223878873,0.14676979972119208,0.09777521708041516,0.3211474250280792,0.17610949708306572,0.17003978085766064,0.07311976126481641
729.968,0.18718413543745133,0.08409502327142923,0.09412801495518916,0.06452582196292142,0.2275721783689696,0.09655208335270983,0.0975840768674639,0.043975696524188264
740.018,0.1245086185389923,0.0415357884758569,0.05735685447186962,0.038735157456064824,0.1483649923037486,0.046716869059580744,0.05116724983943929,0.023724683660315618
