Wavelength (nm),EQE pixel 1,EQE pixel 2,EQE pixel 3,EQE pixel 4,EQE pixel 5,EQE pixel 6,EQE pixel 7,EQE pixel 8
730.006,0.004594490476435546,0.006053078108320451,0.005003336212777383,0.006361529645219065,0.004226951297408567,0.003738773847821705,0.004954565380505347,0.005461231651861891
739.974,0.002873125760408772,0.0037263490790975275,0.002835021243761099,0.0034100594503977018,0.002743312069926592,0.0024649122305179655,0.0028217248892082472,0.003014070079637293
750.014,0.002151479782444644,0.0025619438040479026,0.0020569407320929875,0.0023081594671526453,0.0021202377918227975,0.001966736140497606,0.0020389902592322356,0.002142548987222695
