Wavelength (nm),EQE pixel 1,EQE pixel 2,EQE pixel 3,EQE pixel 4,EQE pixel 5,EQE pixel 6,EQE pixel 7,EQE pixel 8
729.968,0.5340414586080308,0.25744904250494416,0.07740603075676344,0.06560072527724012,0.3640602112494957,0.14184254515451458,0.0566795832382858,0.044237413182937606
740.018,0.4611788196294744,0.14904576250709914,0.03894931189221551,0.03105850063466364,0.33019615237449895,0.07251677147836925,0.026482165848098815,0.020746745096763147
749.981,0.3586177580792729,0.07192608082144739,0.018085696289637635,0.013451004042627496,0.28374710213822857,0.03235483390148965,0.012020983389047122,0.009309186502893725
