Wavelength (nm),EQE pixel 1,EQE pixel 2,EQE pixel 3,EQE pixel 4,EQE pixel 5,EQE pixel 6,EQE pixel 7,EQE pixel 8
710.026,0.2963170814469651,0.5243204031714427,0.37363012825333103,0.3736650401305188,0.4456580207969816,0.4878102591715643,0.3816756191050435,0.4422964414638553
720.012,0.29246266285128475,0.4974752369837428,0.359721050721074,0.3555294554702557,0.4337135469079261,0.46771942111925907,0.35628612068267757,0.4152694982437104
729.991,0.28388864882347986,0.4588652137570445,0.33720367320215533,0.3285578744235821,0.4137674755613978,0.43998240465967153,0.32390983346905833,0.3785360819296411
739.964,0.26771231559931846,0.40699902677894606,0.30286250515630303,0.29045288553557647,0.38087231018726,0.39923891150448126,0.28020729693058966,0.3276975849196827
