Wavelength (nm),EQE pixel 1,EQE pixel 2,EQE pixel 3,EQE pixel 4,EQE pixel 5,EQE pixel 6,EQE pixel 7,EQE pixel 8
710.006,0.4506055792583724,0.43700364996329305,0.4600097530474384,0.44925913746034973,0.5612522307887479,0.5274262787915235,0.33995059829566016,0.4402169868599087
719.99,0.43510021165198626,0.41700410818086603,0.43241560246139565,0.42167701692144866,0.5394155787326511,0.5004845367539776,0.31638629279458613,0.40077170127279776
729.968,0.41377219513126456,0.3889466482645846,0.39620870906739886,0.38586330153479814,0.5077628556676326,0.4622443362000421,0.285971543410377,0.3625203286438129
740.018,0.38316870670499575,0.3480896525459831,0.3471329798030092,0.33784795930394734,0.4622150657484708,0.40894581578245526,0.24663196896977072,0.31377611517641196
