Wavelength (nm),EQE pixel 1,EQE pixel 2,EQE pixel 3,EQE pixel 4,EQE pixel 5,EQE pixel 6,EQE pixel 7,EQE pixel 8
710.026,0.6154236875085135,0.5721724039149796,0.5226328279232024,0.36583577339514395,0.5756265491388685,0.5803024608818388,0.6169485288590021,0.5552665070796542
720.012,0.58324861257061,0.5457217519526335,0.4804761627068016,0.33092323424791265,0.5544749948738145,0.5502270434920995,0.5699083383121988,0.5305355564622108
729.991,0.5423803651653061,0.5117699457463977,0.4306389057637458,0.2918218206638023,0.5237516865332026,0.5101467345587339,0.5073950897689109,0.4944996346035606
739.964,0.4900317815839306,0.4673627386838416,0.3725258497583126,0.24389231640460132,0.48131823999246787,0.4584100399144265,0.42943636306298844,0.443515798174601
