Wavelength (nm),EQE pixel 1,EQE pixel 2,EQE pixel 3,EQE pixel 4,EQE pixel 5,EQE pixel 6,EQE pixel 7,EQE pixel 8
730.004,0.40871441702461403,0.3057807709272296,0.3650995729900189,0.3303807153868833,0.3380572078844165,0.3328154605571832,0.34909868818867185,0.30596003380657455
739.972,0.3701391550796133,0.2669221638946194,0.3251088409950244,0.28231139147932927,0.2836966259827993,0.29160597442415465,0.30370755716522935,0.2434947679801968
750.011,0.31402954633245966,0.21871201205912114,0.2691299741178176,0.22114696667240674,0.220488137087902,0.2368211370679097,0.2414966554436851,0.17723428457109364
