Wavelength (nm),EQE pixel 1,EQE pixel 2,EQE pixel 3,EQE pixel 4,EQE pixel 5,EQE pixel 6,EQE pixel 7,EQE pixel 8
729.991,0.6613806248909684,0.09063844632439441,0.01897473412659597,0.00634310055116342,0.5966162089017344,0.6137657129046522,0.0705184850047587,0.0054831341465566095
739.964,0.5869777331661343,0.05538102241214248,0.010994987538356876,0.004013281111330456,0.5187120950498991,0.5200584954803066,0.04464153391543889,0.0032769771640948765
750.007,0.4835728197675577,0.030089448588691392,0.006243288214650668,0.0028638331596957927,0.41846916329869094,0.4000221630648505,0.026544717747898895,0.001972519926601925
