Wavelength (nm),EQE pixel 1,EQE pixel 2,EQE pixel 3,EQE pixel 4,EQE pixel 5,EQE pixel 6,EQE pixel 7,EQE pixel 8
729.968,0.45106810273804204,0.22902622611987383,0.03803366788701561,0.042750440472130294,0.17836088588952662,0.0383078508157963,0.004447111050009084,0.006704865033146493
740.018,0.3326960695679014,0.1332509136911094,0.019862282050456533,0.024211728956085317,0.11052906464147673,0.019166305771011947,0.0028750243011412585,0.004249200139366012
749.981,0.20209926045561344,0.06449628031422683,0.00954639190979563,0.012838205399326766,0.057925496815924536,0.008793265138917605,0.0022210582711323936,0.0028223090770407872
