Wavelength (nm),EQE pixel 1,EQE pixel 2,EQE pixel 3,EQE pixel 4,EQE pixel 5,EQE pixel 6,EQE pixel 7,EQE pixel 8
729.991,0.4620991916965524,0.3477247109838056,0.3054422809999171,0.30232598679990375,0.19544193101887408,0.18755017661251713,0.19540271104516477,0.38652954587818134
739.964,0.3823009716785138,0.2831608726210572,0.24245139595287726,0.23494873013099798,0.11967581193565356,0.11227882520407223,0.1285073202570577,0.29758975837251694
750.007,0.2852704983972519,0.21418635027815672,0.1719823821617174,0.16102671518788922,0.06657752701315045,0.059470550661740826,0.07415703381388049,0.20125573961758444
