Wavelength (nm),EQE pixel 1,EQE pixel 2,EQE pixel 3,EQE pixel 4,EQE pixel 5,EQE pixel 6,EQE pixel 7,EQE pixel 8
729.991,0.5852887629846424,0.6104965779059591,0.401258443775102,0.5371558855730539,0.5898414366337699,0.5553808551543481,0.4368642801153066,0.44661544351260374
739.964,0.5324286837871418,0.5541222520688284,0.32717841744095966,0.48481275086446596,0.5297358474927051,0.4684665708443754,0.35542008189064545,0.3732733358022204
750.007,0.4607518460919576,0.47449863068446285,0.24457687842894127,0.409441080316507,0.4447569552051396,0.36357533028885525,0.2636839172153069,0.2802601986835194
