Wavelength (nm),EQE pixel 1,EQE pixel 2,EQE pixel 3,EQE pixel 4,EQE pixel 5,EQE pixel 6,EQE pixel 7,EQE pixel 8
729.968,0.2711552717018494,0.2170667611178401,0.22397398083362402,0.06332132407281275,0.41686753754495953,0.0007939695400626044,0.07899985359612884,0.04040745351699307
740.018,0.16641645048754045,0.13404711999742466,0.15545186043111514,0.04061726759998391,0.3704911668182827,0.0011557734189312477,0.043581373507341564,0.016392070659805736
749.981,0.08660680747394552,0.07170097432799057,0.0955708446511626,0.023238810069629356,0.29804933767192315,0.0007461788509429022,0.02266290201597265,0.007145224314564502
