Wavelength (nm),EQE pixel 1,EQE pixel 2,EQE pixel 3,EQE pixel 4,EQE pixel 5,EQE pixel 6,EQE pixel 7,EQE pixel 8
729.991,0.008075511668100572,0.005909950095060118,0.0052202859820399145,0.005802033520423269,0.01000094669203392,0.00571810177622924,0.004817141927706744,0.005442101959327953
739.964,0.0038755742200398268,0.00330201192404605,0.0030766344402525397,0.003418562703930824,0.004432863709582207,0.003148628683535835,0.002773910516676955,0.003279499995654393
750.007,0.0025673789732847483,0.002430039366361451,0.0023334510696693335,0.0024887201819658806,0.0026298246305333306,0.0023184410624428027,0.002245388774685166,0.002486995854917398
