Wavelength (nm),EQE pixel 1,EQE pixel 2,EQE pixel 3,EQE pixel 4,EQE pixel 5,EQE pixel 6,EQE pixel 7,EQE pixel 8
710.026,0.5814396790039011,0.5803358230016977,0.5715842138355685,0.48428805577674705,0.613027650077653,0.5634710038808866,0.5734139056236698,0.5340685961638022
720.012,0.5506116967348496,0.5581821364386444,0.5376327528330695,0.44553320634262616,0.5823510382393452,0.5382662019083688,0.5325441006182042,0.494310152230348
729.991,0.514973534914146,0.5272769522427091,0.49514027761710394,0.3969847314851459,0.5396844635922423,0.5027416115951763,0.4822076779377136,0.4422337191871574
739.964,0.4727980225223748,0.4847970338211585,0.4419759486160591,0.33401745190943516,0.48009544266402526,0.45292164772079474,0.41961726547982847,0.37255783319623653
