Wavelength (nm),EQE pixel 1,EQE pixel 2,EQE pixel 3,EQE pixel 4,EQE pixel 5,EQE pixel 6,EQE pixel 7,EQE pixel 8
709.968,0.29280553405584475,0.07132610969101658,0.14426176450811592,0.5051864383296575,0.41308974194352827,0.348336885746037,0.2065296042841733,0.5298565757508866
720.029,0.24057645174006753,0.039624387092406566,0.09880450603580182,0.4525415075122891,0.3287000091049015,0.3029241695430136,0.15602680791335685,0.4746131095179363
730.004,0.198824764330685,0.02356160525554222,0.06879304803568394,0.3901798130806916,0.2426411125583559,0.2565479758458065,0.11538623375345886,0.4111842093795765
739.972,0.1597069606009092,0.013890655273944553,0.045903551029418496,0.3142999590880986,0.16330981041195836,0.20315258056579075,0.08015560765159124,0.3395827582527446
