Wavelength (nm),EQE pixel 1,EQE pixel 2,EQE pixel 3,EQE pixel 4,EQE pixel 5,EQE pixel 6,EQE pixel 7,EQE pixel 8
729.968,0.4188635702584427,0.0007839350401604946,0.18671637278710965,0.018034202107007638,0.20871025451581265,0.5004967933332518,0.3348092452979961,0.01443027383629543
740.018,0.35632407996007553,0.0007759732666083099,0.1103684306005554,0.010095379068787656,0.1930338450428927,0.4454879341085633,0.20846520141759414,0.007086594824284655
749.981,0.27660824784824384,0.0006864043192467397,0.055889505424381467,0.0055699833373618265,0.16665276995636302,0.3640197020018031,0.10846920754881756,0.003362517594798802
