Wavelength (nm),EQE pixel 1,EQE pixel 2,EQE pixel 3,EQE pixel 4,EQE pixel 5,EQE pixel 6,EQE pixel 7,EQE pixel 8
730.004,0.46802711597025143,0.41289871362226366,0.38777439198709795,0.4132404580302604,0.2842867172734999,0.4151206166704897,0.4018961383216797,0.359593557061195
739.972,0.41727707888770943,0.3695017987552211,0.33369109608901315,0.3602478299406004,0.21378502385971873,0.3398278223031239,0.3463150721934501,0.29897736454409485
750.011,0.34963977855644535,0.30767163306478545,0.2668337649674507,0.28644657797332457,0.1474790989067256,0.25085177280762216,0.277523247774049,0.2242900145362901
