Wavelength (nm),EQE pixel 1,EQE pixel 2,EQE pixel 3,EQE pixel 4,EQE pixel 5,EQE pixel 6,EQE pixel 7,EQE pixel 8
709.968,0.3766151929263412,0.33945366315550296,0.334478681643695,0.2647081150140576,0.32302089041239956,0.38213245206963947,0.30276195893083546,0.23470919271437618
720.029,0.36175061431989824,0.31281026915612,0.30406167170825815,0.23088430184659686,0.28707471130632944,0.33787838568703044,0.28537340039734405,0.21509936111382616
730.004,0.33041891736174567,0.27816393412832047,0.2625004891474209,0.192755156838633,0.24318865678936705,0.2834168034855068,0.26076555416818203,0.18916712171842257
739.972,0.2865874059990313,0.22976408323428435,0.2101789683082564,0.15192479880406026,0.19255536722100786,0.21758737417893248,0.22514433612928497,0.156198927845565
