Wavelength (nm),EQE pixel 1,EQE pixel 2,EQE pixel 3,EQE pixel 4,EQE pixel 5,EQE pixel 6,EQE pixel 7,EQE pixel 8
729.968,0.38822755096264067,0.2629457694236477,0.2079390459613444,0.13654849043292502,0.1793210362777931,0.16058529237987762,0.15163156326074498,0.10934983208585952
740.018,0.2988895914575396,0.15166240519688748,0.11662869016593473,0.07377456889051906,0.10333516446838009,0.08407286020348524,0.07928619553413233,0.054893107154103074
749.981,0.19706306084609676,0.07231409203229847,0.055897131657228386,0.033347527691240025,0.05175003055894118,0.03713527460161416,0.036460737416983004,0.023561170909318287
