Wavelength (nm),EQE pixel 1,EQE pixel 2,EQE pixel 3,EQE pixel 4,EQE pixel 5,EQE pixel 6,EQE pixel 7,EQE pixel 8
710.006,0.24925205824135488,0.14510089163716364,0.3484514706516333,0.45492451773269404,0.3579582698941877,0.34724485519807147,0.40825803123137955,0.3456378009357311
719.99,0.2371916432206322,0.13897697493802286,0.3288638805948865,0.42163118754869144,0.3405849108681357,0.3299811571870374,0.36047724290518546,0.2811245748882284
729.968,0.21670122129013505,0.1298647399754882,0.3044338684039809,0.37925682316241777,0.31454194932083807,0.30498320493035064,0.30649710479907727,0.2139201260206352
740.018,0.19038589714393084,0.1156093963468893,0.26921872619041043,0.321003859023437,0.2741744897111615,0.26725892721146555,0.24631006780351966,0.14562859055057698
