Wavelength (nm),EQE pixel 1,EQE pixel 2,EQE pixel 3,EQE pixel 4,EQE pixel 5,EQE pixel 6,EQE pixel 7,EQE pixel 8
710.006,0.2983989541077169,0.5408512430897554,0.4954258799611179,0.5031776276327456,0.3433835195976517,0.5100702947601327,0.5112210698349293,0.34819293384933253
719.99,0.23574018378262088,0.4770863025592949,0.4632153893107322,0.4537796064076901,0.33140830521393705,0.4810045008273908,0.46189606782265763,0.3027412402589411
729.968,0.18541591104681768,0.4045085502242165,0.4227499855235943,0.3897269496614042,0.31360908810677085,0.4402732033640314,0.4040442507487344,0.24945742449368344
740.018,0.1400045846216071,0.32463893533862354,0.37009888622749193,0.30898424082765635,0.2869882527216388,0.38474278892382413,0.3382110864562246,0.18849921030981004
