Wavelength (nm),EQE pixel 1,EQE pixel 2,EQE pixel 3,EQE pixel 4,EQE pixel 5,EQE pixel 6,EQE pixel 7,EQE pixel 8
709.971,0.30244167324312826,0.3131768024458057,0.3232760892138264,0.32432200668698596,0.41803023043884874,0.40359579394371475,0.33935209837608826,0.32958915596918875
720.031,0.29561694780582387,0.30140685332871636,0.3087349734458329,0.30596867618158763,0.39021428297766514,0.39072482149935794,0.32037176081286206,0.30254757520733455
730.006,0.28300977337451433,0.2821928646797609,0.28610079835766156,0.2802775995713281,0.35114411368175286,0.3674155064012528,0.2922085781950331,0.2697350559516343
739.974,0.2643155257746925,0.25500531396446,0.25481184335047813,0.24664914258088985,0.29939561237801715,0.3283630348042026,0.25494333452624657,0.22931438109481314
