Wavelength (nm),EQE pixel 1,EQE pixel 2,EQE pixel 3,EQE pixel 4,EQE pixel 5,EQE pixel 6,EQE pixel 7,EQE pixel 8
710.006,0.5788432920260347,0.5352120347194506,0.6570313628030279,0.597647333110966,0.5042592433547607,0.4951200187398278,0.4579572638780254,0.4885745070053373
719.99,0.4852579856975664,0.4333519343627793,0.6133705199088986,0.5273618915794367,0.42186924779116397,0.3839841884855294,0.43620243331990394,0.4702474218613769
729.968,0.3756842466636448,0.3243498284571213,0.5498271367987001,0.4304158099618772,0.33010733775569545,0.2695320978506385,0.4060883918268568,0.44579261110970375
740.018,0.2625546770903116,0.2193608733133267,0.45900777292550554,0.31174052625772986,0.23600240479284798,0.16524532166835668,0.3610413476685625,0.4068076951487342
