Wavelength (nm),EQE pixel 1,EQE pixel 2,EQE pixel 3,EQE pixel 4,EQE pixel 5,EQE pixel 6,EQE pixel 7,EQE pixel 8
710.006,0.10266145639363092,0.08350786163565661,0.04502324483524817,0.036394534542928306,0.08053838031939334,0.04565326704818771,0.041186447971616934,0.030924441861363762
719.99,0.03234716358931146,0.026093319673649293,0.014289094456025405,0.013602275612397997,0.025083102544002502,0.01461557619000252,0.012269807972699592,0.011466171814078668
729.968,0.01043412318471989,0.008809658441469841,0.005474724779257736,0.005895219430353874,0.008482934823042724,0.005596641242718674,0.004670200118263068,0.0052352317595718316
740.018,0.004270067764829062,0.003933424123107499,0.0029543328516053744,0.0032442770198537352,0.003805757907504328,0.0029500185042952293,0.002642068920201005,0.003060022909225985
