Wavelength (nm),EQE pixel 1,EQE pixel 2,EQE pixel 3,EQE pixel 4,EQE pixel 5,EQE pixel 6,EQE pixel 7,EQE pixel 8
729.991,0.4821694642230295,0.46373223675384223,0.11528841215018991,0.09759847575355429,0.48758514425154137,0.3119132232160822,0.17445071540518992,0.1032046898062007
739.964,0.3755873986283205,0.3460306966580268,0.061885936277093885,0.05358393869058542,0.38065237863881907,0.20748224653195718,0.1013300635592438,0.06004411064421235
750.007,0.26560219615582165,0.22854783413549282,0.02997149702591711,0.02616074041185398,0.2689500525436165,0.11853779452378045,0.053355377903393175,0.03263777727176638
