Wavelength (nm),EQE pixel 1,EQE pixel 2,EQE pixel 3,EQE pixel 4,EQE pixel 5,EQE pixel 6,EQE pixel 7,EQE pixel 8
730.004,0.008096110452610758,0.03857167103245836,0.00817987452590959,0.018786625658192054,0.006303950916239612,0.00637368701919334,0.4057044449597972,0.22538802442055542
739.972,0.004928009921012384,0.027864714492193163,0.004637163710500149,0.010429205491171198,0.0035975700459050584,0.003924441276482126,0.32756539658547285,0.1508189555207411
750.011,0.0031511423848161607,0.019197212622439588,0.00305442655472578,0.005790167450458386,0.0024828976033182447,0.0027177814480340307,0.24429327951021995,0.09132344448949774
