Wavelength (nm),EQE pixel 1,EQE pixel 2,EQE pixel 3,EQE pixel 4,EQE pixel 5,EQE pixel 6,EQE pixel 7,EQE pixel 8
709.968,0.08397825131927696,0.1506039842894141,0.1292426675942302,0.07809366798575766,0.4120026641147718,0.2975766687540077,0.17865691308217307,0.06176849448418426
720.029,0.05129769429163071,0.10048152979232523,0.09657818749282222,0.0474203336614378,0.4003194206434593,0.25002040783072677,0.1239894806559352,0.040012811325599355
730.004,0.03448983628933442,0.06815184984230088,0.07250263448525526,0.02999086014108129,0.37998699987836526,0.20757258282539626,0.08482841349662618,0.026876014424953854
739.972,0.02399068143607893,0.04684762026515209,0.05342388777143461,0.018918388568472652,0.3493067667090688,0.16587948313176795,0.05531654646648682,0.017486639907098575
