Wavelength (nm),EQE pixel 1,EQE pixel 2,EQE pixel 3,EQE pixel 4,EQE pixel 5,EQE pixel 6,EQE pixel 7,EQE pixel 8
710.006,0.627771274609941,0.0006959253893371736,0.21849030174219133,0.03885431515092234,0.34831902200347725,0.6205687897933979,0.6197536881582111,0.03952225064622487
719.99,0.5983561679091536,0.0008290253011903111,0.14975047308252187,0.021343478292142944,0.34311977267822436,0.5894779855468782,0.5132820501835735,0.018097998657367685
729.968,0.5526172173495646,0.0007120400864842029,0.09466420120349049,0.012705744736944373,0.33150908020236913,0.5462206433586139,0.38616595190417197,0.008956228586507494
740.018,0.4839424450683158,0.0008997011783907748,0.052430058252080074,0.007568646144040916,0.30917482868958557,0.48461532409659835,0.2534300266878574,0.004508079667466423
