Wavelength (nm),EQE pixel 1,EQE pixel 2,EQE pixel 3,EQE pixel 4,EQE pixel 5,EQE pixel 6,EQE pixel 7,EQE pixel 8
709.968,0.45477094476194135,0.4232374409218817,0.4078419961388496,0.3897136597579862,0.22697915625596368,0.39786345686111396,0.33055848725284226,0.3519881021864379
720.029,0.437059991109155,0.3446309895529517,0.3378939127136261,0.3641016637243898,0.17643090461419808,0.35186188091543463,0.25568410836794847,0.28509887286554564
730.004,0.40580734742687946,0.25720573400812297,0.26024112991944676,0.32301448005831945,0.12507464850864267,0.29391098621833833,0.18625025199220982,0.20858476878026147
739.972,0.353104697893342,0.16984479951091072,0.18289433039482295,0.26179666550754005,0.0786531032564561,0.22338670395425142,0.12415402793969382,0.1330800748258416
