Wavelength (nm),EQE pixel 1,EQE pixel 2,EQE pixel 3,EQE pixel 4,EQE pixel 5,EQE pixel 6,EQE pixel 7,EQE pixel 8
729.991,0.31204925582314014,0.20101236774557418,0.35230635875389865,0.39656112113546577,0.2920644542857388,0.3201646335001852,0.22042123296093938,0.20190507450282918
739.964,0.2722119595001006,0.17042001559878697,0.29390208607377394,0.3436082851507117,0.24618294506344782,0.2682327134716952,0.19596654283287798,0.17775902968705634
750.007,0.21733472051900932,0.1323429201232013,0.22054434923892421,0.2712001536759784,0.1874680724990544,0.20135063965686129,0.16156155957013332,0.1445403531686428
