Wavelength (nm),EQE pixel 1,EQE pixel 2,EQE pixel 3,EQE pixel 4,EQE pixel 5,EQE pixel 6,EQE pixel 7,EQE pixel 8
730.004,0.09374780983649215,0.20189294482258802,0.038797041177649316,0.33122736199811625,0.16929095489930038,0.2835735365679146,0.31157813650660254,0.3116175463528028
739.972,0.08854737036837233,0.18838297248228747,0.03238641268049987,0.2848959283840139,0.15546303491977512,0.2543310274601908,0.2655733751215648,0.2601291256620848
750.011,0.07931912328971279,0.16502577503348342,0.025562425091715336,0.22346675386137638,0.13349993867629034,0.21089319712571514,0.20491263499337928,0.19420957301900568
