Wavelength (nm),EQE pixel 1,EQE pixel 2,EQE pixel 3,EQE pixel 4,EQE pixel 5,EQE pixel 6,EQE pixel 7,EQE pixel 8
710.026,0.14547581644544355,0.27825742374871026,0.15795970649188482,0.08665171765078095,0.20078632645190592,0.1348748426397015,0.2267663807848286,0.12044067052992917
720.012,0.0911459681568016,0.17717325060322017,0.10348994967844918,0.05306077038348152,0.12465673519582654,0.07306578779951732,0.12941765972742714,0.07499184309991053
729.991,0.05557756285769882,0.10216279743158216,0.06428561126475045,0.03222547866169511,0.07141278535866909,0.03780255739501734,0.06873415179354554,0.04363028818779411
739.964,0.030512100742475904,0.052285053994554714,0.035636239853883554,0.017819417480950363,0.036034872708039234,0.0183519767305222,0.032852450911636126,0.022355896123397317
