Wavelength (nm),EQE pixel 1,EQE pixel 2,EQE pixel 3,EQE pixel 4,EQE pixel 5,EQE pixel 6,EQE pixel 7,EQE pixel 8
730.001,0.12472460332921582,0.3416122879069007,0.2305640978506998,0.256668842263467,0.31372772728726867,0.3533342224375931,0.23748151039379514,0.20129269349428902
739.969,0.07740263139363295,0.2914034403088632,0.18986142593647684,0.17914304022419655,0.24253505452927765,0.3046157684070085,0.18590868618766304,0.1271093257440198
750.008,0.04318160732994438,0.2271804659160935,0.13776958384762242,0.11031846539436353,0.17417564925753906,0.24051137004652673,0.12575220671277304,0.07110940412775318
