Wavelength (nm),EQE pixel 1,EQE pixel 2,EQE pixel 3,EQE pixel 4,EQE pixel 5,EQE pixel 6,EQE pixel 7,EQE pixel 8
729.968,0.34988259441434216,0.23028319877412357,0.15518501465025067,0.11368440531182795,0.28313870297690696,0.3416738082514824,0.09669765452480854,0.004363471211009337
740.018,0.3160735983329337,0.19895831388640306,0.13144240773721771,0.09342632709600891,0.25120418458665145,0.30136926078470183,0.06079646798183262,0.0022981451751036977
749.981,0.2634835847517156,0.1553359918814824,0.09952405968911518,0.06967197678986695,0.20422099491463822,0.24045767714768548,0.033836501784442245,0.0012635038053867502
