Wavelength (nm),EQE pixel 1,EQE pixel 2,EQE pixel 3,EQE pixel 4,EQE pixel 5,EQE pixel 6,EQE pixel 7,EQE pixel 8
710.006,0.3472558041908838,0.5304041233969845,0.5901685071163824,0.6503620764944169,0.26159583457686203,0.48409174774758973,0.5686275622522522,0.49716965125430657
719.99,0.266986891997682,0.4723528383236248,0.5417180531622791,0.612842482645472,0.17981277684214006,0.41702649709518885,0.5085221871505461,0.40298174981730606
729.968,0.17873881949182005,0.4084158192629408,0.47972947289649637,0.5617997774228163,0.10962915737859229,0.34685305440196335,0.43243171467323116,0.30691749486739617
740.018,0.09844027434035743,0.33684184645102533,0.401437099870454,0.49046666827609403,0.05840675538066521,0.2715280872451368,0.3409053022722729,0.21729512781173388
