Wavelength (nm),EQE pixel 1,EQE pixel 2,EQE pixel 3,EQE pixel 4,EQE pixel 5,EQE pixel 6,EQE pixel 7,EQE pixel 8
710.026,0.2895268948279152,0.19513494129654635,0.14685442133057186,0.100598279568354,0.23905583303379416,0.08755032812858211,0.04653852748439284,0.16569510367124776
720.012,0.19742514582251341,0.10711277864009829,0.08632363453064493,0.06233285216063613,0.14519815839056618,0.04278410026321714,0.022490327816786625,0.11118308450611572
729.991,0.1259838552896838,0.05393017960075949,0.048658395106353315,0.03676851172635464,0.0791759507090269,0.02151503485557594,0.01214464752899685,0.06875356356701184
739.964,0.07276058086807415,0.025375874393207456,0.02583461299454241,0.019775216171439035,0.03807423963857193,0.010892103917149192,0.006906920358123038,0.03736754262176158
