Wavelength (nm),EQE pixel 1,EQE pixel 2,EQE pixel 3,EQE pixel 4,EQE pixel 5,EQE pixel 6,EQE pixel 7,EQE pixel 8
709.968,0.4364033001833892,0.41589272635424257,0.42072217693659786,0.4548860447897292,0.40724143311659317,0.43713706155515986,0.4126351281562855,0.435582315067671
720.029,0.39126497686753914,0.391484581369006,0.40451608166628467,0.42550449363711995,0.3779592338761217,0.41308960098680125,0.38492089093058257,0.4148030592448083
730.004,0.3398247523068851,0.3610736575666428,0.3796638430951247,0.3820032333080759,0.3398123723084641,0.37955511166387745,0.348528847507953,0.3818447197138034
739.972,0.2769206401045914,0.32017700968596396,0.3409748862553506,0.3213262055958998,0.28828409965171137,0.33152658769941834,0.30113779024891824,0.33151585651646254
