Wavelength (nm),EQE pixel 1,EQE pixel 2,EQE pixel 3,EQE pixel 4,EQE pixel 5,EQE pixel 6,EQE pixel 7,EQE pixel 8
729.991,0.08411560155583832,0.4110815828466347,0.06890337558273656,0.2392481405503954,0.4139999945282905,0.392041529706939,0.3529065848510268,0.3352063854189831
739.964,0.04606969810645494,0.3269227232933399,0.034372523416385976,0.1438378957807725,0.36859375413555884,0.3436025787519194,0.3039694705903195,0.29652949727937455
750.007,0.0219085780457083,0.23190010357763557,0.015986823873771715,0.0737929515506241,0.30573835598937554,0.281432204630759,0.24034987819755438,0.24487615130350993
