Wavelength (nm),EQE pixel 1,EQE pixel 2,EQE pixel 3,EQE pixel 4,EQE pixel 5,EQE pixel 6,EQE pixel 7,EQE pixel 8
710.006,0.06204922759141263,0.06101530448543865,0.03656809474665832,0.0477037872120367,0.0554738056829553,0.05411140390626048,0.03600926029642958,0.04721948749142365
719.99,0.01914296186199995,0.019066750600032843,0.01256419866118827,0.01762231872330963,0.017713969314943182,0.015273783581559838,0.012476203262910079,0.017477922603052067
729.968,0.006776343458127272,0.006661294812627469,0.005494429904021042,0.00722757011458309,0.006691140692880366,0.005536561065374917,0.005471206841964073,0.007238546948909121
740.018,0.003271337788607599,0.003219140641106767,0.0031575912281248775,0.003731659375193812,0.003433900426435949,0.002985027412521447,0.003287626620488096,0.003812394285453093
