Wavelength (nm),EQE pixel 1,EQE pixel 2,EQE pixel 3,EQE pixel 4,EQE pixel 5,EQE pixel 6,EQE pixel 7,EQE pixel 8
710.006,0.390605090375176,0.2692907950709157,0.18534094857495584,0.14381182664363845,0.32070239843332277,0.39232179007487616,0.20097916831685333,0.011086110021602296
719.99,0.373398472660301,0.2530254965680512,0.1730958298057363,0.1305140597682047,0.3054045781350459,0.3708179795079047,0.14079454230865343,0.006903225281419282
729.968,0.34988259441434216,0.23028319877412357,0.15518501465025067,0.11368440531182795,0.28313870297690696,0.3416738082514824,0.09669765452480854,0.004363471211009337
740.018,0.3160735983329337,0.19895831388640306,0.13144240773721771,0.09342632709600891,0.25120418458665145,0.30136926078470183,0.06079646798183262,0.0022981451751036977
