Wavelength (nm),EQE pixel 1,EQE pixel 2,EQE pixel 3,EQE pixel 4,EQE pixel 5,EQE pixel 6,EQE pixel 7,EQE pixel 8
729.968,0.18718413543745133,0.08409502327142923,0.09412801495518916,0.06452582196292142,0.2275721783689696,0.09655208335270983,0.0975840768674639,0.043975696524188264
740.018,0.1245086185389923,0.0415357884758569,0.05735685447186962,0.038735157456064824,0.1483649923037486,0.046716869059580744,0.05116724983943929,0.023724683660315618
749.981,0.07464476865091645,0.018699180955300175,0.03286544837470318,0.021511510583957644,0.08598079214124986,0.020390655725779302,0.024398176449854925,0.011772671319197958
