Wavelength (nm),EQE pixel 1,EQE pixel 2,EQE pixel 3,EQE pixel 4,EQE pixel 5,EQE pixel 6,EQE pixel 7,EQE pixel 8
729.994,0.41035239889239833,0.38100727730121914,0.41449931608617346,0.37386913019633,0.37862296005745577,0.3605063966804353,0.3369779291757784,0.3597574224243373
739.967,0.3856055429127646,0.34923571270803844,0.3729587389553079,0.3249610164375322,0.3454566376719599,0.3229092076034148,0.29629214964608935,0.31100505572863807
750.01,0.3455759649610238,0.30075708669446277,0.3127720787012915,0.26235056827457454,0.29507977896697896,0.2699123055050714,0.24251138248960083,0.24959885282702043
