Wavelength (nm),EQE pixel 1,EQE pixel 2,EQE pixel 3,EQE pixel 4,EQE pixel 5,EQE pixel 6,EQE pixel 7,EQE pixel 8
709.968,0.047769700941692264,0.027001222291058738,0.023813378196802352,0.030715561033339927,0.027991993380147472,0.0011473498091530137,0.025167106423936783,0.0253278230502702
720.029,0.014913740884521836,0.009844117745008844,0.009268273222169844,0.00961374772171425,0.009070794027443516,0.0010736094922404284,0.009055637030364626,0.007991029867527146
730.004,0.0055933615586559815,0.004450888448614561,0.0042924082968640006,0.003980217095949563,0.003880700533209289,0.0012368038986768244,0.004050782038120326,0.0035434158883868735
739.972,0.0029119656957415094,0.0026793020439584117,0.002624433125058145,0.002361840694481257,0.002369692395287092,0.0012256794890862246,0.0024649968963466697,0.0022453066043202075
