Wavelength (nm),EQE pixel 1,EQE pixel 2,EQE pixel 3,EQE pixel 4,EQE pixel 5,EQE pixel 6,EQE pixel 7,EQE pixel 8
710.006,0.5011899013920375,0.4761878975873627,0.333927357527757,0.5226375484104437,0.3669414803689311,0.4317185378541838,0.42183168503310375,0.4411514278399061
719.99,0.47145529384009816,0.4490769329867757,0.3124092945259993,0.49041889490551993,0.35283830774570524,0.40455273993454727,0.395897174706742,0.4045359135356284
729.968,0.4258761038642757,0.40821506952948194,0.2829723759678552,0.4459638352702571,0.3303219871083234,0.36261399561698243,0.36063458814159977,0.3583056346585382
740.018,0.355376399050993,0.3460096675546004,0.24346549141287283,0.3853479780989823,0.29495013901197603,0.30496294976207183,0.30943477262326147,0.29841136751523756
