Wavelength (nm),EQE pixel 1,EQE pixel 2,EQE pixel 3,EQE pixel 4,EQE pixel 5,EQE pixel 6,EQE pixel 7,EQE pixel 8
709.971,0.44953067871032243,0.3793792109789505,0.4224976962327776,0.439475359638959,0.44747205744653396,0.45599868868059373,0.41724566868417473,0.428609520000524
720.031,0.42225107245031807,0.3467238979668578,0.3944225115850703,0.41287022886495944,0.4203713246555583,0.41437994561985736,0.37513274515708944,0.39871756241910206
730.006,0.38110893436296345,0.3037656856050192,0.35595529824455663,0.37511443107143316,0.3802468081449529,0.35937683113252755,0.324750169730159,0.35833783539490316
739.974,0.3213877284208515,0.24886841616437103,0.3062564752563052,0.3191101753143296,0.31714730383490136,0.29071566428174517,0.2642694181970167,0.3030319417078459
