Wavelength (nm),EQE pixel 1,EQE pixel 2,EQE pixel 3,EQE pixel 4,EQE pixel 5,EQE pixel 6,EQE pixel 7,EQE pixel 8
710.006,0.07092694239612897,0.06830493786533308,0.04195170482050318,0.05522604241931545,0.06185233014828526,0.04979196607809106,0.03592870217549401,0.04176651382163874
719.99,0.022308314891617137,0.02227689094501568,0.014295041249283824,0.019809544338724713,0.020497608617156583,0.014731085232116088,0.012073985051872132,0.015662263787430318
729.968,0.007991599912627875,0.00813998979761268,0.006091274826995518,0.007899576795889417,0.007628976045599637,0.0053701617272233345,0.005192265110048688,0.006836756943206127
740.018,0.003795014342340057,0.003955443425430724,0.0033990387964330337,0.003968020427315159,0.0037318480972460166,0.0028217262427484573,0.003014601024444787,0.0036910190245003226
