Wavelength (nm),EQE pixel 1,EQE pixel 2,EQE pixel 3,EQE pixel 4,EQE pixel 5,EQE pixel 6,EQE pixel 7,EQE pixel 8
729.991,0.02853095333467678,0.028783152572108475,0.035175161648588936,0.006414921276555159,0.5126270136610371,0.4450604800445769,0.007541525874861832,0.010153268901210601
739.964,0.016748241047811717,0.01511474826358343,0.019158905520091772,0.0034184148513264293,0.3967074921713748,0.34315987472761045,0.004275043113324921,0.005681390584266232
750.007,0.009547299748496902,0.007520349554953981,0.009437020426828849,0.002232481721959113,0.2760291557182612,0.22882398107198823,0.002764143450366993,0.003470349273589877
