Wavelength (nm),EQE pixel 1,EQE pixel 2,EQE pixel 3,EQE pixel 4,EQE pixel 5,EQE pixel 6,EQE pixel 7,EQE pixel 8
710.026,0.15246957466473898,0.28951711443550815,0.25505508337081123,0.13735738220313862,0.20449392251288873,0.34753139372403247,0.28406440768459357,0.19743884574148574
720.012,0.10764388582583838,0.22837747314936452,0.2123590664613675,0.09737436887849424,0.13456090740359028,0.27041702556821173,0.23131828212556213,0.14947680877311095
729.991,0.07883318350691763,0.1800710381395283,0.17374927231471612,0.0691216638048565,0.08669624021469989,0.2048534106438035,0.18633905385453256,0.10952572625658548
739.964,0.05643356647966978,0.13727408459763005,0.13542841964224128,0.047032366969412605,0.05459631323330194,0.14661994685954793,0.1439741780345162,0.07537239067986343
