Wavelength (nm),EQE pixel 1,EQE pixel 2,EQE pixel 3,EQE pixel 4,EQE pixel 5,EQE pixel 6,EQE pixel 7,EQE pixel 8
709.968,0.06775002644250096,0.048496253220025626,0.027071745444221203,0.02947232738775484,0.0479355037195864,0.03265350691624244,0.030371540809337336,0.019802997639237034
720.029,0.021530624688502163,0.01565708723577681,0.009634462844749447,0.011059760977614672,0.015721000133791786,0.01146921388650444,0.009763507261369353,0.007803226781843441
730.004,0.007524423459608513,0.006035526330679151,0.00436631047061089,0.004965980127677096,0.006213974165312076,0.005047528994611352,0.004095161667832273,0.004228284666114732
739.972,0.003656584435281993,0.0032097071459658367,0.0027136751951118043,0.0029463584491644227,0.0034222589834887827,0.002918706516851907,0.002388317368784578,0.003003716637860767
