Wavelength (nm),EQE pixel 1,EQE pixel 2,EQE pixel 3,EQE pixel 4,EQE pixel 5,EQE pixel 6,EQE pixel 7,EQE pixel 8
710.026,0.5401113105311238,0.6358590519747128,0.5941580955418729,0.5955066073341051,0.4918068074656439,0.5528634917663204,0.6061967461992385,0.5692560733619255
720.012,0.4788881410653489,0.6039096593490958,0.5457858189288178,0.5712494874028758,0.48114066564545577,0.5305393063196113,0.5719149082565324,0.5445986645529027
729.991,0.4193991880228543,0.5643025158041058,0.4935067979910975,0.5274536212271361,0.46209916841996473,0.4978758804548568,0.52522613129088,0.5101227099914173
739.964,0.3543371804765366,0.503576819889829,0.43317677855671666,0.4659123256404979,0.432662990259469,0.4520471777357081,0.4600980161260638,0.4583405995073786
