Wavelength (nm),EQE pixel 1,EQE pixel 2,EQE pixel 3,EQE pixel 4,EQE pixel 5,EQE pixel 6,EQE pixel 7,EQE pixel 8
729.991,0.5790819707540962,0.5655476126019183,0.47896772779646646,0.14294193966651822,0.4264159044037061,0.2531369317878853,0.1341435284286488,0.12137419203418334
739.964,0.5346256922651895,0.5114160009930978,0.4383920238021727,0.10829662595693854,0.34693047453469056,0.19081523617280083,0.10717298559313357,0.0939723672171729
750.007,0.4651524499746018,0.43310780129601406,0.3819190236000864,0.07422524768303217,0.2612952953885995,0.13228669493785813,0.07933985730267544,0.06500347799697885
