Wavelength (nm),EQE pixel 1,EQE pixel 2,EQE pixel 3,EQE pixel 4,EQE pixel 5,EQE pixel 6,EQE pixel 7,EQE pixel 8
729.991,0.35577566094176144,0.4062563971558745,0.38637999820040664,0.3384442664689359,0.4069566245511785,0.4236577934235361,0.4581097395952358,0.38861918772196513
739.964,0.3065792924966272,0.33290475597063546,0.30649851606609635,0.26950166172937867,0.3207896607387673,0.35920933026628743,0.3627203192731383,0.31503885586752106
750.007,0.24807209345240364,0.24878575432870959,0.22409725177787349,0.19414902693697209,0.23394495088669678,0.28127588207323084,0.25876390859192033,0.23562682883981828
