Wavelength (nm),EQE pixel 1,EQE pixel 2,EQE pixel 3,EQE pixel 4,EQE pixel 5,EQE pixel 6,EQE pixel 7,EQE pixel 8
709.968,0.4497089389566988,0.3576821549282523,0.40917716214602134,0.3828777571937506,0.4126732673807562,0.3826438630719461,0.3954467122034863,0.395310084338565
720.029,0.43311383819454086,0.3353456010401194,0.3914816166506043,0.3633317597798813,0.3811760661132976,0.3618668138310241,0.3783337809103309,0.3570325726250845
730.004,0.40871441702461403,0.3057807709272296,0.3650995729900189,0.3303807153868833,0.3380572078844165,0.3328154605571832,0.34909868818867185,0.30596003380657455
739.972,0.3701391550796133,0.2669221638946194,0.3251088409950244,0.28231139147932927,0.2836966259827993,0.29160597442415465,0.30370755716522935,0.2434947679801968
