Wavelength (nm),EQE pixel 1,EQE pixel 2,EQE pixel 3,EQE pixel 4,EQE pixel 5,EQE pixel 6,EQE pixel 7,EQE pixel 8
710.006,0.16373966838946535,0.13469068204985601,0.13031022709681434,0.08256078317581922,0.19532860747361888,0.15496213838590875,0.15928025747318647,0.07431956876265364
719.99,0.10374916727994671,0.07722823516919766,0.0802503573793411,0.05050819861078889,0.12288185778551543,0.08917812914217488,0.09143026467257077,0.04032040332527155
729.968,0.06882189082423465,0.04410974766175809,0.05361909541996417,0.03339366587580028,0.07694757897850188,0.04983313160502886,0.05181632160928829,0.024037877931688788
740.018,0.045011759722696686,0.023870575795688936,0.03640042520770098,0.021981113277721342,0.04530910523991673,0.026002020916220704,0.027807658876258207,0.014330237999707438
