Wavelength (nm),EQE pixel 1,EQE pixel 2,EQE pixel 3,EQE pixel 4,EQE pixel 5,EQE pixel 6,EQE pixel 7,EQE pixel 8
729.991,0.1259838552896838,0.05393017960075949,0.048658395106353315,0.03676851172635464,0.0791759507090269,0.02151503485557594,0.01214464752899685,0.06875356356701184
739.964,0.07276058086807415,0.025375874393207456,0.02583461299454241,0.019775216171439035,0.03807423963857193,0.010892103917149192,0.006906920358123038,0.03736754262176158
750.007,0.03760792400905379,0.011551585517052255,0.013147957000622707,0.009884112663079038,0.016415487119921853,0.0057378914717973895,0.004168481416903689,0.01769877972240193
