Wavelength (nm),EQE pixel 1,EQE pixel 2,EQE pixel 3,EQE pixel 4,EQE pixel 5,EQE pixel 6,EQE pixel 7,EQE pixel 8
730.004,0.29527204057844436,0.3616071653478618,0.3874896119103975,0.36251652458954026,0.33119804106397754,0.34608805599811315,0.36067012954716754,0.39300146160327665
739.972,0.23822451131210334,0.31588634259752957,0.3426048082079852,0.29000040240875546,0.28514552459488635,0.29201382489565786,0.31271139938159037,0.33697244987647135
750.011,0.17582602680805537,0.2581723994094937,0.27869322349777664,0.20629541118037242,0.22600285805664672,0.22489446563203264,0.2516750053381652,0.2594157060187362
