Wavelength (nm),EQE pixel 1,EQE pixel 2,EQE pixel 3,EQE pixel 4,EQE pixel 5,EQE pixel 6,EQE pixel 7,EQE pixel 8
729.968,0.17873881949182005,0.4084158192629408,0.47972947289649637,0.5617997774228163,0.10962915737859229,0.34685305440196335,0.43243171467323116,0.30691749486739617
740.018,0.09844027434035743,0.33684184645102533,0.401437099870454,0.49046666827609403,0.05840675538066521,0.2715280872451368,0.3409053022722729,0.21729512781173388
749.981,0.044638775567140646,0.25554340428923167,0.3043495145118974,0.3936661970365147,0.028056345687536864,0.1937285707559553,0.2410678054169965,0.13973787633741325
