Wavelength (nm),EQE pixel 1,EQE pixel 2,EQE pixel 3,EQE pixel 4,EQE pixel 5,EQE pixel 6,EQE pixel 7,EQE pixel 8
729.991,0.40656731788129485,0.3584500120528888,0.4357321429098497,0.3967079891818581,0.3681567446013204,0.41792227339483057,0.3207823108204556,0.28005586110408437
739.964,0.3677466066826104,0.32281548993994935,0.38454148297417123,0.3456302093027961,0.3140873822650333,0.36133481090381453,0.2884855015088376,0.2504885624789301
750.007,0.31603578465715293,0.2747509764872792,0.31488546877633933,0.28002545492569614,0.24856664832061073,0.2877842870583458,0.24421542164741733,0.21084539992737503
