Wavelength (nm),EQE pixel 1,EQE pixel 2,EQE pixel 3,EQE pixel 4,EQE pixel 5,EQE pixel 6,EQE pixel 7,EQE pixel 8
729.968,0.06348399771637948,0.08810144278446094,0.07568357317654929,0.01652253265092213,0.017518674536829475,0.026535501892570965,0.014979394422645427,0.015176636809229045
740.018,0.0367604974273921,0.05234682230679855,0.06597879024408256,0.011654342207647855,0.011416935580451414,0.018166479428375612,0.01137654230221519,0.011201252131534441
749.981,0.020936952195588932,0.029010213008137217,0.05526934926303551,0.008366529671642302,0.00775555000896754,0.012705121016163428,0.008744709723603047,0.00840351739233115
