Wavelength (nm),EQE pixel 1,EQE pixel 2,EQE pixel 3,EQE pixel 4,EQE pixel 5,EQE pixel 6,EQE pixel 7,EQE pixel 8
729.991,0.2527260258605098,0.2148789980008234,0.03192196598485848,0.10453320228063061,0.1472914257432955,0.09698499746570718,0.024036703407934932,0.20560051877081884
739.964,0.1772631185459464,0.1413790535423936,0.01925511572185047,0.06345565593332676,0.08334938963560125,0.058965186470322395,0.01295228922364314,0.14029250388997003
750.007,0.113693157666387,0.08549446256076086,0.011320045997749589,0.03371906271857031,0.04223082591401441,0.03380366302909145,0.007295968718571614,0.08500296027885675
