Wavelength (nm),EQE pixel 1,EQE pixel 2,EQE pixel 3,EQE pixel 4,EQE pixel 5,EQE pixel 6,EQE pixel 7,EQE pixel 8
710.026,0.5976743332003253,0.3680476383711119,0.3026329606208062,0.11028045301656128,0.6220819854817001,0.00095318394675647,0.19060428788621278,0.1281800922425075
720.012,0.49838685690719303,0.2509542777314567,0.21022228878280036,0.0775424473610726,0.567257590372019,0.0009048538593847705,0.10714504240994666,0.07194784366895798
729.991,0.3821808201011985,0.1536503067641388,0.13899047848540896,0.05050216867324506,0.4817476682531561,0.000982765137510493,0.05532193422487251,0.03539798264387308
739.964,0.2629371883885677,0.08403033042539176,0.08622210866377478,0.03063974314171458,0.36961449915236744,0.0009893937692024206,0.0263985106453006,0.015511009637105225
