Wavelength (nm),EQE pixel 1,EQE pixel 2,EQE pixel 3,EQE pixel 4,EQE pixel 5,EQE pixel 6,EQE pixel 7,EQE pixel 8
710.026,0.5115180976845642,0.5129893884828961,0.44791709670303587,0.595678610134496,0.3942138581667973,0.16743453521160437,0.3718410554603853,0.47315186459480973
720.012,0.4877013104334212,0.48675030597271274,0.4157567533295856,0.5568948353011183,0.3817985225140614,0.14439284158959023,0.3309866339364544,0.4205347161434915
729.991,0.44325219532184723,0.4365457204722209,0.37888240282765373,0.49779848615665745,0.35740403568756,0.11922654523843212,0.28871222195850266,0.35971964645129034
739.964,0.3780177518737706,0.3675186166788489,0.3356380912213853,0.42455139830759303,0.31709061030599717,0.09472034638092416,0.2404004963017687,0.2933700483069925
