Wavelength (nm),EQE pixel 1,EQE pixel 2,EQE pixel 3,EQE pixel 4,EQE pixel 5,EQE pixel 6,EQE pixel 7,EQE pixel 8
729.991,0.06290010013121407,0.4858780247704844,0.05402731345172281,0.26523852820144334,0.49006466782914176,0.4718216923027392,0.39342523029546017,0.3840553464482024
739.964,0.03532512703634795,0.43904546655616017,0.027293613397027055,0.1789723823921931,0.42453398407458487,0.42766392730874436,0.3382762765557656,0.3418243641736825
750.007,0.017316202210118026,0.37536501074156603,0.012795948415390258,0.10406747555395361,0.33663676931953973,0.36504284579327595,0.2705412573379324,0.28699794256229544
