Wavelength (nm),EQE pixel 1,EQE pixel 2,EQE pixel 3,EQE pixel 4,EQE pixel 5,EQE pixel 6,EQE pixel 7,EQE pixel 8
709.968,0.5311741308526502,0.45510379700460685,0.2404361775988653,0.32705550951447704,0.3918043600769548,0.3548956724531931,0.4192939937342892,0.4786532572324727
720.029,0.43677984549843607,0.37174120624419194,0.1848021885127104,0.2922711885829086,0.31253996264753886,0.3026171401502054,0.3569689273497794,0.4497572636683837
730.004,0.33500806438819963,0.2977198730186233,0.1424010206393251,0.25137408141917,0.24663023807333084,0.2526363997957524,0.29146287064445986,0.40906565358279245
739.972,0.24147345099614625,0.2314504354704091,0.10504213092271344,0.1989278861525456,0.18831729633071406,0.19720893954814017,0.2192119364941357,0.3454261791268299
