Wavelength (nm),EQE pixel 1,EQE pixel 2,EQE pixel 3,EQE pixel 4,EQE pixel 5,EQE pixel 6,EQE pixel 7,EQE pixel 8
709.971,0.44232839983744476,0.48971892724723887,0.4484255774498769,0.4363054732093036,0.38198118991390967,0.500025147859601,0.4452644574330209,0.4339729244433565
720.031,0.4071421877322462,0.45634450645520785,0.4290716520433282,0.41096003719786744,0.32369200842268103,0.4597193382144759,0.41186415990464254,0.4076607915870657
730.006,0.36781183887769825,0.4142704989707446,0.3962656327985498,0.37147210703140215,0.26634863859276586,0.4068558570234727,0.3669981059732491,0.36823271549512215
739.974,0.3154479461746835,0.36187716960489713,0.3563943016265873,0.3134130937340958,0.2096318970726372,0.34155729319561884,0.3144347974252319,0.31210563327627944
