Wavelength (nm),EQE pixel 1,EQE pixel 2,EQE pixel 3,EQE pixel 4,EQE pixel 5,EQE pixel 6,EQE pixel 7,EQE pixel 8
710.026,0.14332531629683687,0.34048088104760754,0.44025105554594013,0.4926657297065863,0.7042011237197207,0.633413855126467,0.47995108124692953,0.38863869280310476
720.012,0.09207557462119663,0.26733901838870483,0.36432606659377453,0.41994456613487147,0.6827885041595175,0.5812153228574319,0.4033180377642541,0.3097015526336322
729.991,0.05994362928305586,0.19777106040120027,0.29316831496739193,0.32663336434948953,0.649366130729341,0.5117186795492515,0.3213807103477959,0.2311241989932098
739.964,0.037206840921442746,0.137027499197764,0.2261733780534375,0.2293017072098791,0.6026446224017686,0.42690266899449036,0.24144181031657566,0.15873894142967865
