Wavelength (nm),EQE pixel 1,EQE pixel 2,EQE pixel 3,EQE pixel 4,EQE pixel 5,EQE pixel 6,EQE pixel 7,EQE pixel 8
710.006,0.434238094060949,0.3916045748499095,0.43236856447786853,0.4461059339283607,0.25754168852764614,0.4111314599027841,0.4508919689440954,0.4466970743432687
719.99,0.4149845370918422,0.3765539713321489,0.4030915088359065,0.421176368836301,0.24829548822688244,0.38940758433830236,0.41526595817232964,0.41659796821905953
729.968,0.38755130861009185,0.3529643727537951,0.3667774662881994,0.38670143976609733,0.2344402241699385,0.3572736851654821,0.3690093830145315,0.37723003140189487
740.018,0.34829780384661846,0.31770770292306977,0.31993922739441977,0.3396306037500932,0.21463961164969725,0.3118639040541375,0.31067533194041025,0.32473991531756913
