Wavelength (nm),EQE pixel 1,EQE pixel 2,EQE pixel 3,EQE pixel 4,EQE pixel 5,EQE pixel 6,EQE pixel 7,EQE pixel 8
710.006,0.5943314643285621,0.5581442358034994,0.4148585938183555,0.16530844606430012,0.6416651906599531,0.6682877583787098,0.32679469934019395,0.4815921887747537
719.99,0.4695299813494479,0.48427856822911675,0.34193832793666534,0.11308536593714666,0.6139981329418247,0.5914490766385577,0.2595228596416544,0.4381818652387587
729.968,0.35317910354520693,0.41568857606828497,0.28046154486524616,0.07654437316780685,0.5752911072668632,0.5042116064974261,0.2063364873350358,0.3873404356657471
740.018,0.25759720629641214,0.3452584902030645,0.22342722042895383,0.050202955547118774,0.5222573005381572,0.4100130268893681,0.15822813703762323,0.3233096856308833
