Wavelength (nm),EQE pixel 1,EQE pixel 2,EQE pixel 3,EQE pixel 4,EQE pixel 5,EQE pixel 6,EQE pixel 7,EQE pixel 8
729.968,0.5010690426176504,0.5278911532030327,0.19840572429122122,0.24355761830344527,0.31222208126527534,0.2360332838101114,0.44007273092551874,0.17236956437599574
740.018,0.40520897901521136,0.44308911363387016,0.1578593369890393,0.1954298012289225,0.23911336422781554,0.18163686393442824,0.36157987883328224,0.13537115147436027
749.981,0.3065025241613718,0.347936237365089,0.11744441009047411,0.14163444162623967,0.16478091548618135,0.12669085324751414,0.27482537934536666,0.09595568317070481
