Wavelength (nm),EQE pixel 1,EQE pixel 2,EQE pixel 3,EQE pixel 4,EQE pixel 5,EQE pixel 6,EQE pixel 7,EQE pixel 8
710.026,0.3917017439789254,0.5028923005149293,0.48112916302202363,0.5961980703679118,0.5221232991581334,0.5009116493991483,0.5607377064024843,0.5852840759503235
720.012,0.31405914144447056,0.4532067231467352,0.4432922992984503,0.5597994027956683,0.4837870114074077,0.4421513838162818,0.5026241279335306,0.5344167287781675
729.991,0.23466299183481165,0.39575261193491423,0.3911184577012227,0.5078825541517323,0.42993653691852507,0.3749962164329813,0.4281455061147539,0.46344984203275674
739.964,0.16052653724917818,0.3288802341765208,0.32392972496111194,0.4363057898512492,0.35997802062701606,0.3016120402841374,0.33904004329104287,0.37367240678378966
