Wavelength (nm),EQE pixel 1,EQE pixel 2,EQE pixel 3,EQE pixel 4,EQE pixel 5,EQE pixel 6,EQE pixel 7,EQE pixel 8
730.004,0.0055933615586559815,0.004450888448614561,0.0042924082968640006,0.003980217095949563,0.003880700533209289,0.0012368038986768244,0.004050782038120326,0.0035434158883868735
739.972,0.0029119656957415094,0.0026793020439584117,0.002624433125058145,0.002361840694481257,0.002369692395287092,0.0012256794890862246,0.0024649968963466697,0.0022453066043202075
750.011,0.0020848223989454314,0.002025093183456036,0.0019289469258886116,0.0018747161564414924,0.001885973137524295,0.0012306952584974675,0.0018991462289322343,0.0018300684203540834
