Wavelength (nm),EQE pixel 1,EQE pixel 2,EQE pixel 3,EQE pixel 4,EQE pixel 5,EQE pixel 6,EQE pixel 7,EQE pixel 8
729.991,0.08543281669764088,0.08402545264973366,0.04283051804835219,0.06896505270193805,0.08959075687743241,0.061123921632627795,0.044196012009904015,0.11415112070274232
739.964,0.047703303844245315,0.0453749103310535,0.02216393636086341,0.04165455498907165,0.053366817377647285,0.03149028148132658,0.022694018741527284,0.06107271679689257
750.007,0.02352665364155163,0.022349239449047167,0.011169376486662635,0.024070093609878284,0.029725850384645165,0.0151138354122543,0.01082291371553666,0.028937732708942482
