Wavelength (nm),EQE pixel 1,EQE pixel 2,EQE pixel 3,EQE pixel 4,EQE pixel 5,EQE pixel 6,EQE pixel 7,EQE pixel 8
729.991,0.46776493998077295,0.4561147534616583,0.3353700197577056,0.4422097901962537,0.3963518343515009,0.3495262889096523,0.4125887236137215,0.39154223367227103
739.964,0.4184443483234317,0.40928344220647,0.2911479137856352,0.38671523549404674,0.37210234978974466,0.3138719664876815,0.35474754645018497,0.338578041795405
750.007,0.3450533422395892,0.34381955329296915,0.23341950473385092,0.310874501956147,0.3338499277686809,0.2648777465206684,0.2794543289625036,0.26989886581112693
