Wavelength (nm),EQE pixel 1,EQE pixel 2,EQE pixel 3,EQE pixel 4,EQE pixel 5,EQE pixel 6,EQE pixel 7,EQE pixel 8
729.991,0.05557756285769882,0.10216279743158216,0.06428561126475045,0.03222547866169511,0.07141278535866909,0.03780255739501734,0.06873415179354554,0.04363028818779411
739.964,0.030512100742475904,0.052285053994554714,0.035636239853883554,0.017819417480950363,0.036034872708039234,0.0183519767305222,0.032852450911636126,0.022355896123397317
750.007,0.014908949341766885,0.02413035535998439,0.01768094992731627,0.009023479715597506,0.016272698179236836,0.00874423392987638,0.01435380144734838,0.010395782874482541
