Wavelength (nm),EQE pixel 1,EQE pixel 2,EQE pixel 3,EQE pixel 4,EQE pixel 5,EQE pixel 6,EQE pixel 7,EQE pixel 8
730.006,0.004106472161491032,0.003383974222470856,0.004025226883355987,0.005045987339799092,0.00413090905046632,0.003405966825418992,0.0038133947813865825,0.004856496452869689
739.974,0.002494487927913029,0.002260946180826741,0.002653981810354107,0.0030056094108824832,0.002507903231446173,0.0022679344557254735,0.0025393286754355256,0.002991539853478536
750.014,0.00184044029912438,0.0019586526811727774,0.0020795598942123304,0.0021694270458642844,0.0019300910004201334,0.0018517155320747192,0.00206439295371326,0.0021847420103244014
