Wavelength (nm),EQE pixel 1,EQE pixel 2,EQE pixel 3,EQE pixel 4,EQE pixel 5,EQE pixel 6,EQE pixel 7,EQE pixel 8
710.026,0.6409664471911614,0.49111914174085364,0.41389980011238053,0.13720879447978487,0.4869155496594737,0.2750760279527682,0.3065088820174137,0.13450054492592223
720.012,0.5763060029157041,0.3714545076564434,0.2942911193527492,0.08908124904240537,0.37647743240085246,0.17949472898253108,0.1884338031056955,0.08483790955198792
729.991,0.4774843880496718,0.2557789744747646,0.1804753032587476,0.054019036232120815,0.2609161912051489,0.10484858579145426,0.10329967427420027,0.05021824200439753
739.964,0.3554513524137097,0.15600229292592463,0.09444014904706034,0.029642758236109883,0.15832674752408385,0.054267564477881065,0.05209994105964934,0.027132120993477463
