Wavelength (nm),EQE pixel 1,EQE pixel 2,EQE pixel 3,EQE pixel 4,EQE pixel 5,EQE pixel 6,EQE pixel 7,EQE pixel 8
730.004,0.33716720668683087,0.3399982042839572,0.3594944355302017,0.3572332270615613,0.3317952510923678,0.3400379292885007,0.2551239435609374,0.28557426967546234
739.972,0.3162508390025957,0.30734528472391215,0.3051516648458504,0.2883625018269712,0.29211444439893797,0.286209279708657,0.21329854501091727,0.22739904112289233
750.011,0.2808045116732257,0.26655418984675533,0.2360051260510001,0.20443978124379475,0.2366850801536599,0.21806648235077666,0.16355324748393701,0.15923060725711227
