Wavelength (nm),EQE pixel 1,EQE pixel 2,EQE pixel 3,EQE pixel 4,EQE pixel 5,EQE pixel 6,EQE pixel 7,EQE pixel 8
709.965,0.5771446439990598,0.42565860828265945,0.1937720391973627,0.1309053338116467,0.4333942632462543,0.23493985768758183,0.29541223531146227,0.17403160355401845
720.026,0.56211964846089,0.410222286489482,0.12288018601661164,0.08750770941772697,0.35636543073881943,0.15883061015335262,0.21157715276278374,0.11306621412061009
730.001,0.538571568485423,0.3867466955696104,0.0712645870042563,0.05209822196408199,0.2762239554138025,0.0957137743806968,0.14544109735949554,0.06352527683220092
739.969,0.5019125328924023,0.35216377302693863,0.03715420858540974,0.026625614071207032,0.1975654388863193,0.05286730256210556,0.09465973284302148,0.029451378310211683
