Wavelength (nm),EQE pixel 1,EQE pixel 2,EQE pixel 3,EQE pixel 4,EQE pixel 5,EQE pixel 6,EQE pixel 7,EQE pixel 8
730.004,0.23570140294008113,0.3043734819113164,0.24601374989517352,0.1468547815218915,0.24029407897903146,0.1950714170974583,0.3465738141453058,0.3086057109155854
739.972,0.18381841144789463,0.27630645524879377,0.1922593398614362,0.0912070899068202,0.18422883132789777,0.16655750749264558,0.29906948400862643,0.22769606466071604
750.011,0.1326986465960584,0.2363422492051132,0.13633773263893995,0.05169821280066961,0.12944767013658948,0.1308886427744612,0.2377078753862832,0.14913654586681677
