Wavelength (nm),EQE pixel 1,EQE pixel 2,EQE pixel 3,EQE pixel 4,EQE pixel 5,EQE pixel 6,EQE pixel 7,EQE pixel 8
710.006,0.5375101671773125,0.40803982440605285,0.4424052472732038,0.4651610959044131,0.4171570305235409,0.4747503529052283,0.47283964214302326,0.4345132984808698
719.99,0.518355694109945,0.39557555860496957,0.41160913245887926,0.4254005090045887,0.40606288184297934,0.4502083289619353,0.4373417841941029,0.37764220112979313
729.968,0.49039407479236563,0.37642808070403966,0.3718273061590991,0.37132508072940434,0.3867269609022959,0.41562211529691645,0.38804453013094264,0.31591817041992093
740.018,0.44755235591137277,0.3452510320356711,0.3179729662308515,0.30147709807215145,0.3558023326805819,0.36749149878094367,0.3230773376804466,0.2454884312033476
