Wavelength (nm),EQE pixel 1,EQE pixel 2,EQE pixel 3,EQE pixel 4,EQE pixel 5,EQE pixel 6,EQE pixel 7,EQE pixel 8
729.991,0.4510985691334647,0.3802465044803497,0.3932488157360998,0.37075646576893384,0.342852800851021,0.4763476835141216,0.45443371322702686,0.4043571910599123
739.964,0.41645734326822276,0.34138815185855065,0.3458427290114049,0.33387102234152277,0.31842989316267006,0.429363427649555,0.3934145811612772,0.34767339366577144
750.007,0.3653357092806533,0.2868894736432411,0.2849509744155706,0.2807599648318892,0.2868569752752144,0.36186121277332883,0.31379653213841613,0.27662044988574946
