Wavelength (nm),EQE pixel 1,EQE pixel 2,EQE pixel 3,EQE pixel 4,EQE pixel 5,EQE pixel 6,EQE pixel 7,EQE pixel 8
709.968,0.07264459945383299,0.1209803232320986,0.12500441243828891,0.11803600637159502,0.12752517406198086,0.05105006033026114,0.1014545038000428,0.045786460191791965
720.029,0.03782868063132133,0.075342899094397,0.08779055605993538,0.07877759305286634,0.08804989400401987,0.026451261508118124,0.06252138245747799,0.027890815397956414
730.004,0.024109123939218925,0.05063518132163443,0.0644034447259,0.054225956945937695,0.06780650591837574,0.0167325566633754,0.0417591378202814,0.019253357695705034
739.972,0.016629261532974282,0.03344574499219951,0.0468130616329322,0.03612362577348644,0.05112808231444843,0.01129482863177262,0.027541927161106965,0.012881935388356951
