Wavelength (nm),EQE pixel 1,EQE pixel 2,EQE pixel 3,EQE pixel 4,EQE pixel 5,EQE pixel 6,EQE pixel 7,EQE pixel 8
730.006,0.3467456670330592,0.3282158932899934,0.2767287724780793,0.28000010618576304,0.27679589207326727,0.33234644067934793,0.1606968708548688,0.1675928700801996
739.974,0.28686364900005695,0.29667743740077906,0.225307649516229,0.23745497227639561,0.23886320811663467,0.290058313091842,0.14132126931772998,0.14280922728029463
750.014,0.2115742313980589,0.24737056839949753,0.1645304520778596,0.18472651851441246,0.18376941958698767,0.2291166153300153,0.11478328854442829,0.11045376858705906
