Wavelength (nm),EQE pixel 1,EQE pixel 2,EQE pixel 3,EQE pixel 4,EQE pixel 5,EQE pixel 6,EQE pixel 7,EQE pixel 8
729.968,0.3852394200473165,0.3454696130904279,0.4320659046516708,0.30754236509506966,0.37341018460768177,0.27380344057295486,0.2928536031096444,0.20862675043445295
740.018,0.27802383598191127,0.2395728174169304,0.3818092195377513,0.259641561629342,0.2988310202973276,0.1717167382930342,0.250874498357353,0.18876671027727943
749.981,0.17497866789393351,0.1446059831497935,0.307480298079932,0.1928133480375703,0.21242691588651333,0.09475614774793846,0.19468824065842066,0.15882048219182163
