Wavelength (nm),EQE pixel 1,EQE pixel 2,EQE pixel 3,EQE pixel 4,EQE pixel 5,EQE pixel 6,EQE pixel 7,EQE pixel 8
709.968,0.3421628031394179,0.36106548365005403,0.16056460759602673,0.11866955852367551,0.32644036605815596,0.3332286427801375,0.3022998119017281,0.24678216067193162
720.029,0.2667048264854608,0.2699785189999434,0.08689576737567725,0.08050004298791158,0.23166616157229397,0.21531121750290716,0.1940265932808049,0.17413353478142685
730.004,0.19136597353574464,0.17973334215398346,0.043540611716414525,0.05118500663467896,0.1477532287547778,0.11741706687722676,0.11363522601811311,0.11251094780414589
739.972,0.12346343963627782,0.1045298443329824,0.020867480729431766,0.02836941329053042,0.08249462993404719,0.055707952777287184,0.06167882687011917,0.0635980371137879
