Wavelength (nm),EQE pixel 1,EQE pixel 2,EQE pixel 3,EQE pixel 4,EQE pixel 5,EQE pixel 6,EQE pixel 7,EQE pixel 8
710.026,0.08922856402116343,0.04539998595687263,0.033971352428081664,0.03845025253784516,0.07472583998170029,0.04063995383335878,0.0306932518991154,0.03594922091699869
720.012,0.027372789775672514,0.014499069733898454,0.010952614122249101,0.014364575142165622,0.02256644564067075,0.012577907562763847,0.009790857865720804,0.013405650782280489
729.991,0.009277224221877468,0.00583846010923148,0.004930824747596429,0.006507618779162654,0.00793255635581212,0.005140524314725528,0.004487777691057049,0.006045927096681508
739.964,0.004200410118766165,0.003228820347651106,0.003045474430928172,0.0037259280726031053,0.0038459266050747966,0.002926031524302958,0.002865080994241462,0.0034597424255956547
