Wavelength (nm),EQE pixel 1,EQE pixel 2,EQE pixel 3,EQE pixel 4,EQE pixel 5,EQE pixel 6,EQE pixel 7,EQE pixel 8
729.991,0.23946663802362642,0.2634791738002345,0.33649642816872644,0.4717047044169272,0.39950925688942296,0.24944777481162264,0.24581362880071608,0.4438131782442174
739.964,0.21113484047615266,0.20755047137808244,0.2939026247187505,0.42230361050687537,0.3544038426917719,0.20596991091058667,0.2045765290605841,0.3814926816964937
750.007,0.17381989263410824,0.15563223973549006,0.23823828788477783,0.3570767668935749,0.29174444601655997,0.15894261011899774,0.1559826393108643,0.30998649637027914
