Wavelength (nm),EQE pixel 1,EQE pixel 2,EQE pixel 3,EQE pixel 4,EQE pixel 5,EQE pixel 6,EQE pixel 7,EQE pixel 8
729.968,0.4693356681960647,0.32267517474102836,0.419626177885332,0.28958930727618243,0.49816542790222346,0.47168579861502435,0.3561481488054416,0.27721274389440287
740.018,0.4268802039928238,0.2932781640100229,0.3717483707515027,0.223651972075654,0.44844335453417733,0.40115015742252375,0.28478917497635425,0.2082913213035751
749.981,0.36173024159635947,0.24841299507656522,0.30543248718832816,0.1543472238900466,0.3758913726370571,0.3121815380018167,0.2066150217700553,0.13837464559436774
