Wavelength (nm),EQE pixel 1,EQE pixel 2,EQE pixel 3,EQE pixel 4,EQE pixel 5,EQE pixel 6,EQE pixel 7,EQE pixel 8
710.026,0.6752945612040747,0.335595568227114,0.3701994494174015,0.2920030824681,0.5844561918173102,0.37826177182753273,0.1878483399344106,0.2774572651578763
720.012,0.6239808097390777,0.24218936475922154,0.26720456831177236,0.2072186757784692,0.5087748815043798,0.2824979459551975,0.11379081809296893,0.19263610850213342
729.991,0.5569626148889719,0.16523979325744867,0.18617013304286786,0.12540281862435004,0.4243014363219832,0.1952796822200822,0.06660586382090167,0.11408558802027827
739.964,0.4697514518409392,0.10438033930019604,0.12396246865638942,0.06359638104589373,0.3378660048260822,0.12235273628331839,0.036431187722721296,0.05674244749752216
