Wavelength (nm),EQE pixel 1,EQE pixel 2,EQE pixel 3,EQE pixel 4,EQE pixel 5,EQE pixel 6,EQE pixel 7,EQE pixel 8
710.026,0.36116501534172935,0.24153294622051177,0.42718167818075875,0.45893081730938023,0.3530610232703619,0.385128183602793,0.2502906736941965,0.2310899609622424
720.012,0.3406798392659525,0.22444185041499018,0.3956544430789278,0.4336218245863482,0.3271122080372462,0.3584587557659709,0.23772725746915527,0.21906287853688594
729.991,0.31204925582314014,0.20101236774557418,0.35230635875389865,0.39656112113546577,0.2920644542857388,0.3201646335001852,0.22042123296093938,0.20190507450282918
739.964,0.2722119595001006,0.17042001559878697,0.29390208607377394,0.3436082851507117,0.24618294506344782,0.2682327134716952,0.19596654283287798,0.17775902968705634
