Wavelength (nm),EQE pixel 1,EQE pixel 2,EQE pixel 3,EQE pixel 4,EQE pixel 5,EQE pixel 6,EQE pixel 7,EQE pixel 8
710.006,0.15288680248668152,0.02281552141186902,0.1811999670973145,0.07147820176312962,0.16604204323917343,0.014569083025712715,0.40387220509139216,0.3228456611900299
719.99,0.15176948870968274,0.021837101378918738,0.16948468224241311,0.06638754777325562,0.1640358145250599,0.013645410574115627,0.3691107842868899,0.2916019731346157
729.968,0.14758565839507234,0.020597632722653334,0.15203170159164964,0.05930410951922892,0.15864777497597635,0.012591832486898632,0.3185511783382457,0.25231899242551986
740.018,0.13792468351376788,0.019130527200523592,0.12767352651383393,0.05008399527534864,0.14756534817404096,0.011436585524166588,0.2505904612064804,0.20168105682684054
