Wavelength (nm),EQE pixel 1,EQE pixel 2,EQE pixel 3,EQE pixel 4,EQE pixel 5,EQE pixel 6,EQE pixel 7,EQE pixel 8
710.028,0.431927919552367,0.41370958259135343,0.4563278010135223,0.43786101634800684,0.4101593947636241,0.4019330887055762,0.38247337982752105,0.4236937046672979
720.015,0.4238333046610611,0.4010441035677579,0.44029132728197445,0.41032536992158875,0.3984964256653077,0.38593163847624823,0.3644723756706998,0.3956950112770226
729.994,0.41035239889239833,0.38100727730121914,0.41449931608617346,0.37386913019633,0.37862296005745577,0.3605063966804353,0.3369779291757784,0.3597574224243373
739.967,0.3856055429127646,0.34923571270803844,0.3729587389553079,0.3249610164375322,0.3454566376719599,0.3229092076034148,0.29629214964608935,0.31100505572863807
