Wavelength (nm),EQE pixel 1,EQE pixel 2,EQE pixel 3,EQE pixel 4,EQE pixel 5,EQE pixel 6,EQE pixel 7,EQE pixel 8
710.026,0.5224316545020272,0.5242673438441308,0.5420111581614179,0.48328629539459605,0.5365183508838858,0.49652916732242747,0.5412269211096575,0.5049021240102068
720.012,0.5130340663526655,0.5066659384870714,0.5104626036337876,0.4498407241851195,0.5189574503830503,0.4733337738957978,0.5069115303426985,0.4743292567670655
729.991,0.4987459390023177,0.4833723720153459,0.4706256343403431,0.4084450841640197,0.492924175349874,0.43954770741351146,0.46219705928282917,0.4328199019436562
739.964,0.47646262312092397,0.4467632279774598,0.41919393248372133,0.3537998778294493,0.45404295778175113,0.3930407096983198,0.4028546740151671,0.37897670804759087
