Wavelength (nm),EQE pixel 1,EQE pixel 2,EQE pixel 3,EQE pixel 4,EQE pixel 5,EQE pixel 6,EQE pixel 7,EQE pixel 8
709.968,0.13990821328060696,0.20991444589829103,0.21608862284209143,0.21598049293110147,0.43251487906202213,0.11435438739175428,0.10359082465667403,0.07897743480017601
720.029,0.10331390623205051,0.15926259531052597,0.17466127948514668,0.17851016760827498,0.35505666517504075,0.0795378971967482,0.06720302869897447,0.05430534848022308
730.004,0.07901666616707773,0.11883405320449676,0.1424259913896706,0.1435700421160563,0.284642772797118,0.05821192628258823,0.045641932142844004,0.038732936537016635
739.972,0.058597604256795645,0.08374111318796472,0.11249720229688626,0.10876876108823379,0.219039611762135,0.0418227112837328,0.029765257457513346,0.02680976528764041
