Wavelength (nm),EQE pixel 1,EQE pixel 2,EQE pixel 3,EQE pixel 4,EQE pixel 5,EQE pixel 6,EQE pixel 7,EQE pixel 8
729.991,0.4491420016404321,0.3397945667910744,0.40953770251941607,0.06818341375738053,0.0701476948917839,0.35135352071763293,0.30964123963099643,0.36584548817676416
739.964,0.3639841581809234,0.278274504588922,0.33558078441849143,0.04073664181933251,0.04357295492824024,0.28681530372569564,0.26430827603227697,0.32430606725650873
750.007,0.26357588353930284,0.20945891867213995,0.25056418254672225,0.022904300988348267,0.024409435261675532,0.21435665162784504,0.20934585675342185,0.2668872356936739
