Wavelength (nm),EQE pixel 1,EQE pixel 2,EQE pixel 3,EQE pixel 4,EQE pixel 5,EQE pixel 6,EQE pixel 7,EQE pixel 8
710.026,0.5419634112860564,0.5174382097155853,0.5111476027911236,0.5109940977706707,0.43446055348253865,0.5215915669912894,0.2825666025352204,0.3266016283916905
720.012,0.5003871008211973,0.4981967976642471,0.4842926582180788,0.4825552036643733,0.4243002727417836,0.499284749257211,0.2688620027259082,0.3025038159205222
729.991,0.44380815514378674,0.4680969144956339,0.44589443666367484,0.44360092051745276,0.40568407863468514,0.4641925466105934,0.24799659992315706,0.27100127910295835
739.964,0.3708332462387555,0.4233542598891774,0.3929976150732108,0.3922727014304229,0.3751645245665187,0.4134628154064754,0.21830781913627176,0.2313721207607633
