Wavelength (nm),EQE pixel 1,EQE pixel 2,EQE pixel 3,EQE pixel 4,EQE pixel 5,EQE pixel 6,EQE pixel 7,EQE pixel 8
729.991,0.44380815514378674,0.4680969144956339,0.44589443666367484,0.44360092051745276,0.40568407863468514,0.4641925466105934,0.24799659992315706,0.27100127910295835
739.964,0.3708332462387555,0.4233542598891774,0.3929976150732108,0.3922727014304229,0.3751645245665187,0.4134628154064754,0.21830781913627176,0.2313721207607633
750.007,0.2810787068306115,0.355537380611121,0.32024374946775963,0.3216750844460115,0.325460066052411,0.3389330959550741,0.17658391525788777,0.18083082376482917
