Wavelength (nm),EQE pixel 1,EQE pixel 2,EQE pixel 3,EQE pixel 4,EQE pixel 5,EQE pixel 6,EQE pixel 7,EQE pixel 8
710.006,0.5818938731808956,0.5095049113686148,0.4523026731380122,0.44183434128239063,0.3471952895630223,0.4113146687390063,0.44646361686838204,0.40383319799684014
719.99,0.554947800423303,0.4834380755331043,0.4135085035346969,0.42167743551910297,0.3381139203549542,0.3914396531854849,0.4191646075436349,0.37667774058190817
729.968,0.5179134874140013,0.44593664749021544,0.37032839119793864,0.38650027265581205,0.3239800728995915,0.36283570156335726,0.37807747954393944,0.34416188071237147
740.018,0.4656836070203167,0.3892726461672143,0.31732881621258463,0.33127112318304636,0.29967928102521785,0.32064224179628764,0.3200420424074963,0.29920770641390654
