Wavelength (nm),EQE pixel 1,EQE pixel 2,EQE pixel 3,EQE pixel 4,EQE pixel 5,EQE pixel 6,EQE pixel 7,EQE pixel 8
730.006,0.2736781303170261,0.2590377827699361,0.26218598784949,0.3214828443933081,0.23363313060813592,0.2192682242204485,0.2633769871856458,0.162842245985932
739.974,0.222783707048647,0.22390804897494893,0.20740815357808148,0.26985371088874843,0.20615504816603666,0.1763328749508638,0.2302065537068262,0.12089440778302739
750.014,0.16004753160177032,0.17672943160859828,0.1447177048386694,0.2053919354206387,0.16919394663908985,0.12551719473264886,0.18615545183017101,0.07918268582945963
