Wavelength (nm),EQE pixel 1,EQE pixel 2,EQE pixel 3,EQE pixel 4,EQE pixel 5,EQE pixel 6,EQE pixel 7,EQE pixel 8
710.006,0.08959494225082651,0.06176019184318838,0.04409786074116241,0.05426999757801249,0.21020242320228985,0.2773343771139845,0.042476006428905366,0.04049713027540213
719.99,0.0475940711847977,0.0258941080523678,0.0213342609510385,0.02191643944963745,0.1403704782088565,0.19099283240761578,0.020869864128468613,0.017531137669102578
729.968,0.029881260739366713,0.012851289400797678,0.011826504185028251,0.010091287053268932,0.09279722036774966,0.12662642851894157,0.011878980973806755,0.008864272356979295
740.018,0.019857202679928132,0.007081628404172193,0.006935316581123519,0.005257933896835002,0.05771260722125713,0.07872743419412599,0.007226467573608376,0.0050650862304616115
