Wavelength (nm),EQE pixel 1,EQE pixel 2,EQE pixel 3,EQE pixel 4,EQE pixel 5,EQE pixel 6,EQE pixel 7,EQE pixel 8
730.004,0.3912489667287687,0.3865498374245696,0.3228787594944652,0.27850135159879325,0.3200156345636289,0.40602404464930186,0.34913564322684887,0.2882040003234875
739.972,0.3225159656043667,0.329918484641632,0.26222722780823693,0.2318167537139353,0.30562311086683536,0.366422449969702,0.29198296797550577,0.24029364747091372
750.011,0.23833917701094515,0.25725227137489337,0.19237888459454208,0.17643480858286717,0.2768435698458607,0.31156565541517833,0.22336364324787092,0.18519343418115242
