Wavelength (nm),EQE pixel 1,EQE pixel 2,EQE pixel 3,EQE pixel 4,EQE pixel 5,EQE pixel 6,EQE pixel 7,EQE pixel 8
729.991,0.4764888775607069,0.18938642647834483,0.09893371226701755,0.1516018001302124,0.17016719570764377,0.13037922821367356,0.12726866333375408,0.047486287113957505
739.964,0.38506789719434437,0.11277954771223592,0.05107277351654138,0.09824200127108396,0.09421200282498357,0.0708701814602377,0.07158352099193474,0.022754906396271386
750.007,0.28000887703445915,0.05982948433877258,0.024828073936878487,0.057130540708244866,0.04572874981382352,0.035095600374558895,0.036240607322839014,0.010266893889246452
