Wavelength (nm),EQE pixel 1,EQE pixel 2,EQE pixel 3,EQE pixel 4,EQE pixel 5,EQE pixel 6,EQE pixel 7,EQE pixel 8
709.971,0.02830134672807846,0.023909616089626516,0.02024232549389965,0.02749859942517957,0.029191976565026086,0.024647943272492624,0.019739483840658725,0.025046689331311076
720.031,0.00949109767773204,0.0074245532481274495,0.007932117212430295,0.010822750779511125,0.009749274459352097,0.007881189193323158,0.007455205845328871,0.009996432462429688
730.006,0.004106472161491032,0.003383974222470856,0.004025226883355987,0.005045987339799092,0.00413090905046632,0.003405966825418992,0.0038133947813865825,0.004856496452869689
739.974,0.002494487927913029,0.002260946180826741,0.002653981810354107,0.0030056094108824832,0.002507903231446173,0.0022679344557254735,0.0025393286754355256,0.002991539853478536
