Wavelength (nm),EQE pixel 1,EQE pixel 2,EQE pixel 3,EQE pixel 4,EQE pixel 5,EQE pixel 6,EQE pixel 7,EQE pixel 8
729.968,0.3439752657406104,0.25185583549780377,0.06283708095298275,0.646864662126018,0.36988053164288326,0.19116715569869674,0.053320591566196326,0.1172972526497303
740.018,0.2886039511201511,0.1793029244280164,0.041808128728068245,0.5662973600155526,0.30068857384810865,0.13539408526091198,0.03414954662730872,0.08450523228215419
749.981,0.22312743029689264,0.11732822653780262,0.026856028141944235,0.4506826077582624,0.22262624211929152,0.0871140562091123,0.02087755099327974,0.05488557230974873
