Wavelength (nm),EQE pixel 1,EQE pixel 2,EQE pixel 3,EQE pixel 4,EQE pixel 5,EQE pixel 6,EQE pixel 7,EQE pixel 8
710.006,0.3459251470299434,0.22261090277428783,0.44236852574468033,0.44843620385969263,0.44811709349502055,0.42845907795651095,0.4547051482737084,0.38894185456297764
719.99,0.33236114319827825,0.21473374385524016,0.41683782691061777,0.4080426765405876,0.428885852759884,0.40444310252659416,0.40387879682728306,0.32954710871374243
729.968,0.3118084276442371,0.20311517601999984,0.3860354479845969,0.359993378749185,0.40290990932062615,0.37234848499240003,0.3494244139573182,0.2604039949632532
740.018,0.27627020888943526,0.18328073232199457,0.3396227754177061,0.2958203527705824,0.3595708336055592,0.3250493403267703,0.28214329997467574,0.1852335010844449
