Wavelength (nm),EQE pixel 1,EQE pixel 2,EQE pixel 3,EQE pixel 4,EQE pixel 5,EQE pixel 6,EQE pixel 7,EQE pixel 8
729.968,0.35317910354520693,0.41568857606828497,0.28046154486524616,0.07654437316780685,0.5752911072668632,0.5042116064974261,0.2063364873350358,0.3873404356657471
740.018,0.25759720629641214,0.3452584902030645,0.22342722042895383,0.050202955547118774,0.5222573005381572,0.4100130268893681,0.15822813703762323,0.3233096856308833
749.981,0.18118302350810153,0.26719749177390506,0.16717777797051828,0.031091747743085124,0.4484768643825178,0.30833229877077745,0.1127920832346114,0.24428974537156858
