Wavelength (nm),EQE pixel 1,EQE pixel 2,EQE pixel 3,EQE pixel 4,EQE pixel 5,EQE pixel 6,EQE pixel 7,EQE pixel 8
729.968,0.006587654345588787,0.005830736361515484,0.004631018336294061,0.0053356794097800045,0.0069941993150311015,0.004911598841483494,0.004745795996206174,0.005730245865560758
740.018,0.0033820147236958914,0.0031266993170616817,0.0027950846965474805,0.0032014347716407287,0.0035548224919195875,0.002819338824196741,0.0029150201187660573,0.0033240556341388255
749.981,0.0022611853868193662,0.0021442665908529943,0.002172899967765975,0.0023545009627138585,0.002421951646328264,0.002110545443213597,0.0022454794488060577,0.0023941830915202114
