Wavelength (nm),EQE pixel 1,EQE pixel 2,EQE pixel 3,EQE pixel 4,EQE pixel 5,EQE pixel 6,EQE pixel 7,EQE pixel 8
710.006,0.5396374319899694,0.6149484765238327,0.5430767524716069,0.3900318674572969,0.5329786679578806,0.541263003827092,0.4553799831524215,0.40798713360006283
719.99,0.5213713637265069,0.5448678883185478,0.48877296937504117,0.3666221547893244,0.44104626373051403,0.5180215913851973,0.4145630663599021,0.3400806516362789
729.968,0.48435227674455944,0.4594481610422142,0.4264660543664591,0.33707410814215666,0.35477621126204356,0.48542499433839104,0.374838482455687,0.2749406162886895
740.018,0.4234092411914768,0.36950348980334247,0.356132078404285,0.2995693528962297,0.2760604298161445,0.43880497566852317,0.32498481422661113,0.21460081700396455
