Wavelength (nm),EQE pixel 1,EQE pixel 2,EQE pixel 3,EQE pixel 4,EQE pixel 5,EQE pixel 6,EQE pixel 7,EQE pixel 8
709.971,0.02399078456284411,0.02246423836575216,0.03196624918176588,0.03715021182360322,0.030394714089860008,0.022440477205421805,0.028357839646603506,0.03604169431248592
720.031,0.009038911005108246,0.007953919213801586,0.01046674869802028,0.011640600681110554,0.010908299921200145,0.008815735855519221,0.008972964472917618,0.012017611703618914
730.006,0.0043457835629974045,0.0038404386295724127,0.004351935787468093,0.004557267624331421,0.004728669818800369,0.004220716968762711,0.003873850043155977,0.004903648287811862
739.974,0.0026646617713313326,0.00250719275141772,0.002640862116654376,0.002465156553445464,0.002719707626110277,0.002693306649975052,0.0024305996491439455,0.002721155761814479
