Wavelength (nm),EQE pixel 1,EQE pixel 2,EQE pixel 3,EQE pixel 4,EQE pixel 5,EQE pixel 6,EQE pixel 7,EQE pixel 8
730.004,0.3092991090409226,0.06665541860060346,0.1300733229062565,0.3298500488493654,0.39073408158460876,0.34979003245361057,0.24809506505972628,0.29241876379511994
739.972,0.2553110376216491,0.03581236385267991,0.07722703823907252,0.24045235766311232,0.2777819315025797,0.27688386169369544,0.18571565232185083,0.21000536112780813
750.011,0.19166769977934947,0.01774837413638177,0.040420648273613864,0.15954993249042584,0.16739830954285548,0.19627658468441575,0.12475371653261949,0.13865446209082097
