Wavelength (nm),EQE pixel 1,EQE pixel 2,EQE pixel 3,EQE pixel 4,EQE pixel 5,EQE pixel 6,EQE pixel 7,EQE pixel 8
729.968,0.4534125477299371,0.18779839735055712,0.06681178103724505,0.0522344796486998,0.29437009617814286,0.15561059373820962,0.06091392232874672,0.04041595407049698
740.018,0.39857454077121457,0.09938973442528143,0.03136386991465381,0.02350414804039478,0.257002638786614,0.08137678861120282,0.028694448858061813,0.018953195012996433
749.981,0.31542978537110944,0.04460343148565667,0.013825024830037726,0.010134266919491996,0.20837286275489145,0.03655425919824928,0.012970612665687446,0.008642875389108302
