Wavelength (nm),EQE pixel 1,EQE pixel 2,EQE pixel 3,EQE pixel 4,EQE pixel 5,EQE pixel 6,EQE pixel 7,EQE pixel 8
729.968,0.5179134874140013,0.44593664749021544,0.37032839119793864,0.38650027265581205,0.3239800728995915,0.36283570156335726,0.37807747954393944,0.34416188071237147
740.018,0.4656836070203167,0.3892726461672143,0.31732881621258463,0.33127112318304636,0.29967928102521785,0.32064224179628764,0.3200420424074963,0.29920770641390654
749.981,0.3894711818733,0.3114385825332808,0.2542773936499455,0.2550254724635731,0.2612848991211468,0.2613783154645964,0.24515161432167262,0.23925728153721398
