Wavelength (nm),EQE pixel 1,EQE pixel 2,EQE pixel 3,EQE pixel 4,EQE pixel 5,EQE pixel 6,EQE pixel 7,EQE pixel 8
709.971,0.2846513602504957,0.24112679045622099,0.3101776132190135,0.3279570327384759,0.1853764139889681,0.3010487151421255,0.33872459772376146,0.35674677229270657
720.031,0.27668707772757345,0.23317505602185062,0.29090117020371276,0.30983693551156977,0.17728178782775855,0.28702222640667513,0.3167651419165942,0.3326873952468404
730.006,0.2653559917022729,0.2220241707117503,0.26727380327698425,0.28517956211486734,0.1669167876218213,0.26745894845376916,0.28706107660767666,0.3046095874401715
739.974,0.24792885353067715,0.2048303477998208,0.2362568080351935,0.2521082860643629,0.1533841109650991,0.2386375287380641,0.24769061915933527,0.26398592426675305
