Wavelength (nm),EQE pixel 1,EQE pixel 2,EQE pixel 3,EQE pixel 4,EQE pixel 5,EQE pixel 6,EQE pixel 7,EQE pixel 8
709.968,0.1302509720348732,0.07066813651440612,0.04251429258481878,0.026018828822313714,0.057671787157492875,0.07912605191420248,0.059770716509255126,0.03219141041721512
720.029,0.08987190450808433,0.042625801250577876,0.019353058800661564,0.01287971270786736,0.03311428224009687,0.044444743416997036,0.02988668945078576,0.01623536803442166
730.004,0.06403841705370221,0.02653902125260848,0.010734996905323242,0.007908986810842723,0.021688575317788648,0.025477091148448566,0.016731849674508765,0.009671948150020994
739.972,0.043919982963395686,0.01591302542665725,0.006531685055413727,0.005371231163895373,0.014481541005340924,0.01439351698366923,0.009768653320860512,0.006107511525463419
