Wavelength (nm),EQE pixel 1,EQE pixel 2,EQE pixel 3,EQE pixel 4,EQE pixel 5,EQE pixel 6,EQE pixel 7,EQE pixel 8
729.968,0.2817895450178053,0.2587315506549251,0.331625555563187,0.23281984770552827,0.25082846976284134,0.32384321074026984,0.3193336247650872,0.28215561862630634
740.018,0.26058528633633166,0.2353701050848625,0.2931555464500079,0.20346400176103863,0.2241004434810066,0.27506147819447235,0.26896880996043926,0.2404821753109273
749.981,0.2257004679240023,0.19838128047907544,0.23920167126961503,0.16112887229157075,0.18423655985831647,0.20902584262782084,0.2052588366254557,0.18498769341249208
