Wavelength (nm),EQE pixel 1,EQE pixel 2,EQE pixel 3,EQE pixel 4,EQE pixel 5,EQE pixel 6,EQE pixel 7,EQE pixel 8
710.026,0.616427660576918,0.5624766431354065,0.14883038826065312,0.5273513085598315,0.5442037387349314,0.6060607983230776,0.5765082367245777,0.5314433980120122
720.012,0.5804461958920383,0.5380376503831166,0.14054282019058062,0.46884807385816246,0.5203940643129521,0.5699144636968342,0.5404634946359752,0.46869875462670785
729.991,0.542026476111305,0.5079803481539189,0.13141698260763807,0.4033224291375449,0.49231275301992283,0.5261207275025365,0.49552655166409865,0.39877550429306036
739.964,0.49133762487774674,0.4621470179154423,0.11984695002571542,0.32248963943529135,0.45213718057845953,0.4643205201810367,0.43287754229143915,0.31303373008080543
