Wavelength (nm),EQE pixel 1,EQE pixel 2,EQE pixel 3,EQE pixel 4,EQE pixel 5,EQE pixel 6,EQE pixel 7,EQE pixel 8
729.968,0.010440574735735704,0.010375981835906366,0.010104538368731675,0.008695140840033503,0.014611490440089261,0.011439783985133246,0.008865691072971433,0.007111848556601884
740.018,0.0077133340343728905,0.008219575519620975,0.008090672000257999,0.006668822608634453,0.012886162946447418,0.008978060786280962,0.006576749441542828,0.005180347341259867
749.981,0.0053609803589582195,0.006056063675154072,0.00600246683229765,0.004627636014562609,0.010560919395978745,0.006537882668757638,0.004393143277888681,0.0034930992393514392
