Wavelength (nm),EQE pixel 1,EQE pixel 2,EQE pixel 3,EQE pixel 4,EQE pixel 5,EQE pixel 6,EQE pixel 7,EQE pixel 8
730.004,0.012745163551415905,0.40942666447185655,0.007785360591295126,0.007794559009357107,0.008124587174742872,0.3905405379514318,0.01861836902426299,0.010926829960679053
739.972,0.007679525910310014,0.33208132773549826,0.004619976443721614,0.004355860310244655,0.00491353708371347,0.32562405250969456,0.00898936689932485,0.005713169055332738
750.011,0.0049838631170234194,0.2514321874720367,0.003102861362321239,0.002889553703934033,0.003299221733771255,0.2548732271868009,0.004531878623926494,0.003444769909829463
