Wavelength (nm),EQE pixel 1,EQE pixel 2,EQE pixel 3,EQE pixel 4,EQE pixel 5,EQE pixel 6,EQE pixel 7,EQE pixel 8
730.004,0.3452038180879657,0.0420955603850636,0.019098188174970575,0.011384928724308952,0.017266763370704194,0.02525849644234114,0.023424259276651538,0.02549299270278874
739.972,0.2679862374712569,0.024857811038658556,0.009806577441631862,0.00696816228678037,0.009494268200206301,0.012720031405831795,0.013532323525503376,0.013434418852421044
750.011,0.19278667089919554,0.014061238093029676,0.005740452249528911,0.004633736875837612,0.005661515839916906,0.00699574492877105,0.008028062484177628,0.00723943021386562
