Wavelength (nm),EQE pixel 1,EQE pixel 2,EQE pixel 3,EQE pixel 4,EQE pixel 5,EQE pixel 6,EQE pixel 7,EQE pixel 8
710.006,0.2245621340146183,0.4746558627244521,0.48737500689864255,0.49017906074363193,0.4219651008334049,0.4419632654181216,0.49108958778370077,0.5434497771867156
719.99,0.17478208908425377,0.4213332091541646,0.4466361451919583,0.4120626124276842,0.37652010413507636,0.39008443669715304,0.4405659139718305,0.4952264766536752
729.968,0.1338176363628806,0.36513248997415165,0.39485073609381593,0.3241326101047539,0.32432948701135156,0.32957371295345844,0.3846197115196116,0.4283114170222992
740.018,0.09707655794104489,0.2998472768449677,0.3248636907879403,0.23037724726220235,0.2585830406170869,0.256327149819195,0.3160485660589467,0.33812380499725325
