Wavelength (nm),EQE pixel 1,EQE pixel 2,EQE pixel 3,EQE pixel 4,EQE pixel 5,EQE pixel 6,EQE pixel 7,EQE pixel 8
729.968,0.5991792040363755,0.5467648084549805,0.46771053379757277,0.45558333523504363,0.5996750418082453,0.23678240416764598,0.10844418896263541,0.11438871494932942
740.018,0.4968499791337203,0.4471659906321689,0.3792977338223969,0.3453744377345732,0.5308235211901817,0.16766798970138852,0.08862034257454514,0.08626186052136098
749.981,0.378150016047658,0.3376775038196393,0.2876227052469137,0.2455204229619065,0.4340005587106803,0.11217303494618641,0.06779557603417526,0.060198149438798775
