Wavelength (nm),EQE pixel 1,EQE pixel 2,EQE pixel 3,EQE pixel 4,EQE pixel 5,EQE pixel 6,EQE pixel 7,EQE pixel 8
710.006,0.4348252057019803,0.43378905719207245,0.2989754552434165,0.4526650008328224,0.440727843039799,0.4556618185463919,0.22179171674263545,0.290588469790544
719.99,0.3184689563852755,0.31667435816283407,0.20801395974537049,0.37710334381568517,0.31482951002593873,0.34044967962136724,0.1391422149530602,0.20274280457409652
729.968,0.21121245981077696,0.2109336134669052,0.1412872863286406,0.29479043161778046,0.20199447719891941,0.23366819877554282,0.08152905619736876,0.12608485527217392
740.018,0.12294690776233501,0.12584378381438543,0.09227498169787969,0.21173020956458521,0.11324628873628957,0.14492112102864593,0.043648088244020965,0.06894090907963905
