Wavelength (nm),EQE pixel 1,EQE pixel 2,EQE pixel 3,EQE pixel 4,EQE pixel 5,EQE pixel 6,EQE pixel 7,EQE pixel 8
729.968,0.4123739822205374,0.13669741225307563,0.06920132009222793,0.14349381823926763,0.15374005399867052,0.1171907279030483,0.07368347241145269,0.03528792689119302
740.018,0.31519152955500457,0.07120441904836017,0.035508246035474325,0.08966632862149687,0.08044186335945053,0.060732658498110305,0.03734492644545189,0.01597429649478196
749.981,0.21331513164217633,0.03286129084852776,0.01713085399040212,0.050453185078128175,0.03677648543307995,0.028502154906105776,0.01733859092961589,0.007234764774747107
