Wavelength (nm),EQE pixel 1,EQE pixel 2,EQE pixel 3,EQE pixel 4,EQE pixel 5,EQE pixel 6,EQE pixel 7,EQE pixel 8
709.968,0.33779697878853404,0.3335789873569675,0.3335620145020957,0.29155432585221025,0.3479686380931647,0.23263153295026448,0.396442045116306,0.4419927922691016
720.029,0.28642135882774156,0.32212132208396516,0.2944409176866465,0.21571973231171052,0.29386155545909654,0.21734139685011675,0.378342073755797,0.3816333649780891
730.004,0.23570140294008113,0.3043734819113164,0.24601374989517352,0.1468547815218915,0.24029407897903146,0.1950714170974583,0.3465738141453058,0.3086057109155854
739.972,0.18381841144789463,0.27630645524879377,0.1922593398614362,0.0912070899068202,0.18422883132789777,0.16655750749264558,0.29906948400862643,0.22769606466071604
