Wavelength (nm),EQE pixel 1,EQE pixel 2,EQE pixel 3,EQE pixel 4,EQE pixel 5,EQE pixel 6,EQE pixel 7,EQE pixel 8
729.968,0.006776343458127272,0.006661294812627469,0.005494429904021042,0.00722757011458309,0.006691140692880366,0.005536561065374917,0.005471206841964073,0.007238546948909121
740.018,0.003271337788607599,0.003219140641106767,0.0031575912281248775,0.003731659375193812,0.003433900426435949,0.002985027412521447,0.003287626620488096,0.003812394285453093
749.981,0.0022307451994732067,0.002188655203203481,0.00233446533329247,0.0024909676377565595,0.002380004109100305,0.002226675307208533,0.002449610428238561,0.0025613366521565913
