Wavelength (nm),EQE pixel 1,EQE pixel 2,EQE pixel 3,EQE pixel 4,EQE pixel 5,EQE pixel 6,EQE pixel 7,EQE pixel 8
729.968,0.0476870960185925,0.035529596988767086,0.014038026087186453,0.008744163760538534,0.03855183123437035,0.04049808568476593,0.026561718412590918,0.02180955413605986
740.018,0.026402539954409623,0.016473073502461816,0.006972723633912739,0.004941621509458342,0.018444906311397984,0.016838477425294755,0.01212227301625803,0.01085813604545589
749.981,0.013448764136217024,0.007265598746116944,0.0037114851757029843,0.0030605517291933727,0.008392610349012028,0.006998383449818725,0.005649472239778955,0.005356302835127621
