Wavelength (nm),EQE pixel 1,EQE pixel 2,EQE pixel 3,EQE pixel 4,EQE pixel 5,EQE pixel 6,EQE pixel 7,EQE pixel 8
729.968,0.06882189082423465,0.04410974766175809,0.05361909541996417,0.03339366587580028,0.07694757897850188,0.04983313160502886,0.05181632160928829,0.024037877931688788
740.018,0.045011759722696686,0.023870575795688936,0.03640042520770098,0.021981113277721342,0.04530910523991673,0.026002020916220704,0.027807658876258207,0.014330237999707438
749.981,0.027887827599384515,0.012052739159214716,0.024032266112194643,0.013827741607065177,0.024738964084527266,0.012666905128969435,0.01391896559008473,0.008207235586142616
