Wavelength (nm),EQE pixel 1,EQE pixel 2,EQE pixel 3,EQE pixel 4,EQE pixel 5,EQE pixel 6,EQE pixel 7,EQE pixel 8
730.004,0.5306209130542976,0.474897242256721,0.03227986919729025,0.025514125143915656,0.14221208395312368,0.03927116282567393,0.055507013127436236,0.026729831993059894
739.972,0.4680222621451122,0.42325596586440567,0.01724328424876081,0.013644615944370466,0.09753138916409104,0.021513935202517154,0.028377202532955337,0.01311868988048218
750.011,0.3856867988005228,0.3496959986117065,0.008659681309338496,0.0067547935370888,0.059521628307382224,0.011001318679237808,0.013425235781367112,0.0062684808762776345
