Wavelength (nm),EQE pixel 1,EQE pixel 2,EQE pixel 3,EQE pixel 4,EQE pixel 5,EQE pixel 6,EQE pixel 7,EQE pixel 8
729.991,0.33423894743242266,0.3602120447768188,0.4103632380894122,0.3154013750102026,0.3475617684340082,0.3960852997260509,0.38116138127408467,0.3707083535297171
739.964,0.31639631618407393,0.3323353593012501,0.36780546272518716,0.28124694532525213,0.3164153377422291,0.34810851586776304,0.3313357629209126,0.32700890951746736
750.007,0.28546255129657744,0.2893342603411281,0.30732572595489166,0.23107853559908068,0.26988856595673444,0.2815045914509279,0.26725395606623087,0.26662087494670267
