Wavelength (nm),EQE pixel 1,EQE pixel 2,EQE pixel 3,EQE pixel 4,EQE pixel 5,EQE pixel 6,EQE pixel 7,EQE pixel 8
710.026,0.641768411711355,0.671130943321201,0.523021015463995,0.5861797291085726,0.6544772558859562,0.6688077395180507,0.5634649086288736,0.5333380361884571
720.012,0.6194737310571328,0.6469306647683396,0.4642106125036903,0.5684210368586736,0.6286710616937023,0.6201228141439602,0.5042482244066921,0.4968631641931265
729.991,0.5852887629846424,0.6104965779059591,0.401258443775102,0.5371558855730539,0.5898414366337699,0.5553808551543481,0.4368642801153066,0.44661544351260374
739.964,0.5324286837871418,0.5541222520688284,0.32717841744095966,0.48481275086446596,0.5297358474927051,0.4684665708443754,0.35542008189064545,0.3732733358022204
