Wavelength (nm),EQE pixel 1,EQE pixel 2,EQE pixel 3,EQE pixel 4,EQE pixel 5,EQE pixel 6,EQE pixel 7,EQE pixel 8
709.968,0.4874118711357339,0.35097723711607814,0.4426158015907091,0.3766946698693759,0.35669488825245216,0.3685471856142855,0.3667325256456699,0.34420703178274964
720.029,0.46985727179682174,0.3297176489285178,0.4278420847461399,0.342623232448372,0.30790409624877374,0.3488589751621791,0.3264104893474091,0.293129180942522
730.004,0.44157017976660345,0.30072617792123574,0.39467842865671465,0.29753877372496085,0.2562621624998419,0.32001483924897905,0.28204945258174136,0.23743637934420184
739.972,0.4006993918868361,0.26748782325646103,0.3549273799631776,0.24705102547481095,0.2023757276095663,0.2847285188329342,0.23531919809123808,0.18257622449726965
