Wavelength (nm),EQE pixel 1,EQE pixel 2,EQE pixel 3,EQE pixel 4,EQE pixel 5,EQE pixel 6,EQE pixel 7,EQE pixel 8
729.968,0.4258761038642757,0.40821506952948194,0.2829723759678552,0.4459638352702571,0.3303219871083234,0.36261399561698243,0.36063458814159977,0.3583056346585382
740.018,0.355376399050993,0.3460096675546004,0.24346549141287283,0.3853479780989823,0.29495013901197603,0.30496294976207183,0.30943477262326147,0.29841136751523756
749.981,0.26085013050699435,0.2600927680001053,0.19080413983062444,0.30392717983536294,0.2426207170290642,0.2276712278178746,0.24232271112961123,0.22269093064659076
