Wavelength (nm),EQE pixel 1,EQE pixel 2,EQE pixel 3,EQE pixel 4,EQE pixel 5,EQE pixel 6,EQE pixel 7,EQE pixel 8
710.006,0.36732758381135305,0.15753323595950403,0.22854513385656666,0.1490925719774985,0.3196094823193623,0.057209256740833894,0.4765695860897385,0.4275485002059103
719.99,0.35186258045371527,0.15427020696712496,0.22176830208953532,0.1419938502366383,0.3139438798853879,0.051067432193035375,0.4213507332370802,0.38043791123389903
729.968,0.32297619243070785,0.1481585864557794,0.21068379380006091,0.13126314186554774,0.29927833802991244,0.044932505227073365,0.35528107596495967,0.3251411396109333
740.018,0.27477453842257654,0.1383574340248703,0.1909625566151059,0.11452230313401718,0.2693135788191943,0.0389919220885967,0.27435550787001595,0.26038453133904954
