Wavelength (nm),EQE pixel 1,EQE pixel 2,EQE pixel 3,EQE pixel 4,EQE pixel 5,EQE pixel 6,EQE pixel 7,EQE pixel 8
710.026,0.5734004453798845,0.6087916235062004,0.6221312282850308,0.4968161520706939,0.6152762838201797,0.5920307530883312,0.5880560781215337,0.5090840553028532
720.012,0.5478109584950049,0.5098475473662151,0.5475735225252445,0.4116436782300096,0.560621844764644,0.5041070776057966,0.5129239372760407,0.4445175063759789
729.991,0.5005307577248655,0.38406110533728477,0.43993473183814064,0.31724722373127096,0.4783833715946052,0.39048918087758994,0.4115144211659541,0.36447686056784306
739.964,0.4312587004052902,0.2556295520258873,0.31480938094790956,0.2252994116380495,0.37839782454588344,0.2709918213549929,0.3003949717009699,0.27693217072529064
