Wavelength (nm),EQE pixel 1,EQE pixel 2,EQE pixel 3,EQE pixel 4,EQE pixel 5,EQE pixel 6,EQE pixel 7,EQE pixel 8
710.006,0.39995423840631383,0.39555879332224475,0.3611927818753622,0.3265367022221526,0.38860924690041904,0.36136396567276213,0.40619375872594643,0.3176054920858622
719.99,0.38780018733186544,0.3804473484668364,0.3404797682292476,0.28582649014913025,0.3619842955380578,0.3394323650894884,0.380091700317396,0.2822860935678323
729.968,0.36802503257412983,0.3563734259975067,0.3130293433314433,0.24034745800446103,0.32402368056756764,0.3094067367523339,0.34486990973756354,0.2388524723438076
740.018,0.33451648655798,0.3191177127795117,0.2748748363747828,0.18841176069841994,0.27050242400234376,0.2660983386847503,0.2958193193524129,0.18636906033539383
