Wavelength (nm),EQE pixel 1,EQE pixel 2,EQE pixel 3,EQE pixel 4,EQE pixel 5,EQE pixel 6,EQE pixel 7,EQE pixel 8
730.004,0.3398247523068851,0.3610736575666428,0.3796638430951247,0.3820032333080759,0.3398123723084641,0.37955511166387745,0.348528847507953,0.3818447197138034
739.972,0.2769206401045914,0.32017700968596396,0.3409748862553506,0.3213262055958998,0.28828409965171137,0.33152658769941834,0.30113779024891824,0.33151585651646254
750.011,0.20555820911286166,0.2663001764812738,0.2846264998413651,0.24439444839746718,0.22234804285366327,0.2651362359950955,0.2401574249319538,0.2617725675933009
