Wavelength (nm),EQE pixel 1,EQE pixel 2,EQE pixel 3,EQE pixel 4,EQE pixel 5,EQE pixel 6,EQE pixel 7,EQE pixel 8
730.001,0.3337862138318431,0.31164905361611633,0.3087405048059193,0.30849670820219705,0.3730209693361686,0.29288251610346333,0.33898674708850224,0.3016352284335551
739.969,0.29835180320978766,0.28109948706993043,0.2700832945778746,0.2740137663281296,0.3258885654552307,0.25796687816889347,0.2938051073198889,0.2562316110883108
750.008,0.25199599920774585,0.23551179818389578,0.22061587163168386,0.22677177110342228,0.26652179370259976,0.21219762243087878,0.23335060938231095,0.20310138379650222
