Wavelength (nm),EQE pixel 1,EQE pixel 2,EQE pixel 3,EQE pixel 4,EQE pixel 5,EQE pixel 6,EQE pixel 7,EQE pixel 8
729.991,0.3403366327386947,0.3048130389954681,0.3434075730711069,0.328860824722779,0.32018396842532215,0.21811026300612973,0.2820906831726471,0.32020164030245174
739.964,0.326058093412273,0.27500637281957196,0.31344919211768457,0.28940045688783783,0.2898564569776989,0.19755312674151457,0.24763243766151116,0.2776271769527345
750.007,0.2994345087482229,0.23060856729245696,0.2661451415506522,0.23441244995476893,0.2423772415746753,0.16682218896784612,0.20241858720295045,0.22143862815365
