Wavelength (nm),EQE pixel 1,EQE pixel 2,EQE pixel 3,EQE pixel 4,EQE pixel 5,EQE pixel 6,EQE pixel 7,EQE pixel 8
710.006,0.5733438587188912,0.53868447782174,0.5185356596341576,0.5123368323159143,0.5227997939349077,0.5359041110655847,0.522871120039994,0.513098099464327
719.99,0.5370134309047606,0.49489051082196206,0.47869057887392874,0.4675861362211498,0.47903808339412113,0.47505695920338825,0.47200240591695,0.46784758949277716
729.968,0.4861811186924045,0.4397533178854984,0.4296929171513412,0.41086784507923235,0.4209755142029329,0.40287566681736015,0.4128473643823682,0.4110902202610649
740.018,0.41383975166992965,0.3679676791000026,0.36485095683376406,0.3377176791435212,0.3448561416800214,0.3179285384343667,0.33967579509501633,0.3379041312285429
