Wavelength (nm),EQE pixel 1,EQE pixel 2,EQE pixel 3,EQE pixel 4,EQE pixel 5,EQE pixel 6,EQE pixel 7,EQE pixel 8
729.991,0.031195917927533748,0.025777893802463016,0.018835959931394714,0.03668136727127421,0.040425916201263706,0.02058210031836567,0.018090392608389606,0.03687227200600161
739.964,0.01834680575437403,0.014236985669574771,0.010746786255147857,0.023797310856227997,0.027922350429491895,0.011570678956993007,0.010164455039398486,0.019074218083041553
750.007,0.010082692341823971,0.007693577198279157,0.006148449417198795,0.014209825258822369,0.018619411927227672,0.006440285955303065,0.005621372618290015,0.008875379571569236
