Wavelength (nm),EQE pixel 1,EQE pixel 2,EQE pixel 3,EQE pixel 4,EQE pixel 5,EQE pixel 6,EQE pixel 7,EQE pixel 8
730.004,0.004695679596680467,0.004199946609320606,0.0035745112951788478,0.004158463294975397,0.00675492396242435,0.0043891835644899735,0.003431223283429399,0.00422849407862879
739.972,0.0028173501669033233,0.0023973963164924212,0.002419124468586919,0.0026743259671635987,0.0033164994246129933,0.0026516247915644477,0.002489318366472056,0.0027497409515920865
750.011,0.0021102548993440677,0.0019986045502632882,0.0019819089378190343,0.002085974998990367,0.0023045767263385007,0.002056059330022888,0.001946522610760005,0.0022051668479572233
