Wavelength (nm),EQE pixel 1,EQE pixel 2,EQE pixel 3,EQE pixel 4,EQE pixel 5,EQE pixel 6,EQE pixel 7,EQE pixel 8
710.026,0.45843842288238146,0.40046658604685065,0.4967221399077294,0.45968328303057293,0.4460224936441864,0.4883465223262197,0.3579225373731352,0.3141447675003243
720.012,0.4355000659253744,0.38345092039885864,0.4711848840196026,0.4329013763756991,0.41096366802606815,0.4593517744899008,0.34307448456196027,0.3007085969853421
729.991,0.40656731788129485,0.3584500120528888,0.4357321429098497,0.3967079891818581,0.3681567446013204,0.41792227339483057,0.3207823108204556,0.28005586110408437
739.964,0.3677466066826104,0.32281548993994935,0.38454148297417123,0.3456302093027961,0.3140873822650333,0.36133481090381453,0.2884855015088376,0.2504885624789301
