Wavelength (nm),EQE pixel 1,EQE pixel 2,EQE pixel 3,EQE pixel 4,EQE pixel 5,EQE pixel 6,EQE pixel 7,EQE pixel 8
730.006,0.0043457835629974045,0.0038404386295724127,0.004351935787468093,0.004557267624331421,0.004728669818800369,0.004220716968762711,0.003873850043155977,0.004903648287811862
739.974,0.0026646617713313326,0.00250719275141772,0.002640862116654376,0.002465156553445464,0.002719707626110277,0.002693306649975052,0.0024305996491439455,0.002721155761814479
750.014,0.0020509213990661077,0.001971841956773691,0.001941957122856371,0.001839306159731787,0.0019587445401009836,0.0020797364484560284,0.0019315319722872806,0.0019893336296007047
