Wavelength (nm),EQE pixel 1,EQE pixel 2,EQE pixel 3,EQE pixel 4,EQE pixel 5,EQE pixel 6,EQE pixel 7,EQE pixel 8
709.968,0.029010206555792315,0.0815752234808787,0.039061215020147484,0.06655691274097496,0.03118727202373129,0.025493328470160274,0.5359655218370492,0.40143263592060646
720.029,0.014228746023651349,0.05358671714767854,0.016351953975931727,0.03391081526755687,0.012875057141154524,0.011637185699009983,0.47611341806055163,0.31235715916216594
730.004,0.008096110452610758,0.03857167103245836,0.00817987452590959,0.018786625658192054,0.006303950916239612,0.00637368701919334,0.4057044449597972,0.22538802442055542
739.972,0.004928009921012384,0.027864714492193163,0.004637163710500149,0.010429205491171198,0.0035975700459050584,0.003924441276482126,0.32756539658547285,0.1508189555207411
