Wavelength (nm),EQE pixel 1,EQE pixel 2,EQE pixel 3,EQE pixel 4,EQE pixel 5,EQE pixel 6,EQE pixel 7,EQE pixel 8
729.968,0.49166957855038046,0.466025406740136,0.46053959827712765,0.47134989214298867,0.4358986538719199,0.4698916974590659,0.42142561772495346,0.4599622287905182
740.018,0.41570759384938905,0.3999031490331672,0.39784318514673905,0.4040443536279115,0.36983948864002963,0.39262991911280976,0.3500108976499753,0.3879062418686416
749.981,0.319199539740529,0.316753266770371,0.31717621606567137,0.31390824288503755,0.2856294312917988,0.2990531201212937,0.26394828256642217,0.2926770360632535
