Wavelength (nm),EQE pixel 1,EQE pixel 2,EQE pixel 3,EQE pixel 4,EQE pixel 5,EQE pixel 6,EQE pixel 7,EQE pixel 8
710.006,0.44865808350676706,0.35137185970972434,0.19675757756556025,0.2276684083954402,0.39237953647359564,0.3640766976344486,0.1793723185603777,0.24807512424993203
719.99,0.33338345112309975,0.24422526804046182,0.11130966181699932,0.14672517796768292,0.27549925542696857,0.25085595249426906,0.10431327586929859,0.16553170612879972
729.968,0.22366159595797616,0.15557285136939036,0.059299974988594926,0.08411428052844741,0.17495711138893746,0.15896731794312316,0.05644357062439444,0.09795905116027806
740.018,0.1319274742338164,0.09045468965927947,0.029653535384201044,0.04313139764436319,0.09826431325223055,0.09142309350619744,0.027886781390973198,0.05134638884156913
