Wavelength (nm),EQE pixel 1,EQE pixel 2,EQE pixel 3,EQE pixel 4,EQE pixel 5,EQE pixel 6,EQE pixel 7,EQE pixel 8
710.006,0.061965267506358966,0.051436676262088206,0.042367699046096045,0.04260605949797177,0.06936308732386855,0.049154850818444076,0.04509587713422115,0.03819287991361165
719.99,0.019855343674864134,0.015943518457099074,0.013238260870092793,0.015382438188370989,0.02148392228886091,0.015460036391519832,0.014214700005083503,0.013544901274466092
729.968,0.0072349622339755795,0.005995570144250578,0.0053539989534859165,0.0065068647013896905,0.007573675200497094,0.0059441564895940805,0.00568199388668699,0.005861179401288106
740.018,0.0035061851250174744,0.0031337841687208785,0.003041633497813907,0.003522493007242037,0.003551306450394922,0.003158702926685119,0.003136898915206073,0.0033530906912384857
