Wavelength (nm),EQE pixel 1,EQE pixel 2,EQE pixel 3,EQE pixel 4,EQE pixel 5,EQE pixel 6,EQE pixel 7,EQE pixel 8
710.006,0.5116776575264296,0.3530921563357257,0.4822911693251249,0.3919545670288495,0.5542647094441432,0.5644367570155255,0.47022918535273034,0.3839424336072202
719.99,0.4932628072729021,0.34032584282275513,0.45368387020548845,0.34432245309783605,0.5293375674341118,0.5237241514097339,0.4156314766968797,0.33482804544335193
729.968,0.4693356681960647,0.32267517474102836,0.419626177885332,0.28958930727618243,0.49816542790222346,0.47168579861502435,0.3561481488054416,0.27721274389440287
740.018,0.4268802039928238,0.2932781640100229,0.3717483707515027,0.223651972075654,0.44844335453417733,0.40115015742252375,0.28478917497635425,0.2082913213035751
