Wavelength (nm),EQE pixel 1,EQE pixel 2,EQE pixel 3,EQE pixel 4,EQE pixel 5,EQE pixel 6,EQE pixel 7,EQE pixel 8
710.006,0.716039508109975,0.6734281469507496,0.6077801822696245,0.6631840802458518,0.677076229034304,0.39694498156678076,0.17248188678307624,0.20548096899549315
719.99,0.6732628351053153,0.6244551762114192,0.5458424778664862,0.5682984429796175,0.6478521785722022,0.31606588345439884,0.1318845437751184,0.1493971792158547
729.968,0.5991792040363755,0.5467648084549805,0.46771053379757277,0.45558333523504363,0.5996750418082453,0.23678240416764598,0.10844418896263541,0.11438871494932942
740.018,0.4968499791337203,0.4471659906321689,0.3792977338223969,0.3453744377345732,0.5308235211901817,0.16766798970138852,0.08862034257454514,0.08626186052136098
