Wavelength (nm),EQE pixel 1,EQE pixel 2,EQE pixel 3,EQE pixel 4,EQE pixel 5,EQE pixel 6,EQE pixel 7,EQE pixel 8
730.006,0.2653559917022729,0.2220241707117503,0.26727380327698425,0.28517956211486734,0.1669167876218213,0.26745894845376916,0.28706107660767666,0.3046095874401715
739.974,0.24792885353067715,0.2048303477998208,0.2362568080351935,0.2521082860643629,0.1533841109650991,0.2386375287380641,0.24769061915933527,0.26398592426675305
750.014,0.22083061367210147,0.17750235127074704,0.19548024141082607,0.20676554499627878,0.1333840738429224,0.19427890734453504,0.19646576699553472,0.2127647816294716
