Wavelength (nm),EQE pixel 1,EQE pixel 2,EQE pixel 3,EQE pixel 4,EQE pixel 5,EQE pixel 6,EQE pixel 7,EQE pixel 8
729.991,0.3623180142998062,0.29146219184978867,0.02307018185596696,0.3453159336030554,0.3025602447846186,0.33539096252737055,0.38317708426651764,0.34561124334848475
739.964,0.32857477225801673,0.27350540189000566,0.01805359527392905,0.3030243976005112,0.28049728775417065,0.3040298566766694,0.33419899884324894,0.2924873813330462
750.007,0.2762948081218206,0.24426553539529175,0.013558244634433312,0.24590589884095654,0.2470647602105423,0.25716200125700966,0.2691971369398445,0.2261747976390811
