Wavelength (nm),EQE pixel 1,EQE pixel 2,EQE pixel 3,EQE pixel 4,EQE pixel 5,EQE pixel 6,EQE pixel 7,EQE pixel 8
710.026,0.29520559217180564,0.42405937675135236,0.41014073568901777,0.5504224586511391,0.46699102544963256,0.34857824002372856,0.3292577676459343,0.5607718840685175
720.012,0.2650217962859151,0.3326808111796641,0.37318267770329927,0.5132208412686549,0.43564001168037825,0.294657029776888,0.28491833412410916,0.5051422954297147
729.991,0.23946663802362642,0.2634791738002345,0.33649642816872644,0.4717047044169272,0.39950925688942296,0.24944777481162264,0.24581362880071608,0.4438131782442174
739.964,0.21113484047615266,0.20755047137808244,0.2939026247187505,0.42230361050687537,0.3544038426917719,0.20596991091058667,0.2045765290605841,0.3814926816964937
