Wavelength (nm),EQE pixel 1,EQE pixel 2,EQE pixel 3,EQE pixel 4,EQE pixel 5,EQE pixel 6,EQE pixel 7,EQE pixel 8
710.006,0.6821408602293785,0.6835015706997856,0.31016709746646687,0.3402945334264139,0.4552566731332418,0.3633566407336937,0.5942273352090919,0.2596744522539902
719.99,0.5972401563258077,0.6111393511703347,0.24575545093072151,0.2897875448605601,0.3830971092539272,0.29324978562301385,0.5176630867840799,0.21093504397040644
729.968,0.5010690426176504,0.5278911532030327,0.19840572429122122,0.24355761830344527,0.31222208126527534,0.2360332838101114,0.44007273092551874,0.17236956437599574
740.018,0.40520897901521136,0.44308911363387016,0.1578593369890393,0.1954298012289225,0.23911336422781554,0.18163686393442824,0.36157987883328224,0.13537115147436027
