Wavelength (nm),EQE pixel 1,EQE pixel 2,EQE pixel 3,EQE pixel 4,EQE pixel 5,EQE pixel 6,EQE pixel 7,EQE pixel 8
709.968,0.35597284471985136,0.39058762638645056,0.4306795932780409,0.4437478570816438,0.3763969211407941,0.40759712193015396,0.32672845777611764,0.3705341776720033
720.029,0.34868681427098763,0.3660272364300255,0.39980528965225753,0.4081898235920489,0.35821176400475196,0.3790675138900385,0.2928899064768168,0.33300302536971216
730.004,0.33716720668683087,0.3399982042839572,0.3594944355302017,0.3572332270615613,0.3317952510923678,0.3400379292885007,0.2551239435609374,0.28557426967546234
739.972,0.3162508390025957,0.30734528472391215,0.3051516648458504,0.2883625018269712,0.29211444439893797,0.286209279708657,0.21329854501091727,0.22739904112289233
