Wavelength (nm),EQE pixel 1,EQE pixel 2,EQE pixel 3,EQE pixel 4,EQE pixel 5,EQE pixel 6,EQE pixel 7,EQE pixel 8
710.006,0.6484321979169985,0.43006794214183686,0.29324622143676876,0.2700183493670753,0.3324527470277415,0.3002502024552967,0.23837229075154792,0.10817549979425788
719.99,0.5743254418106367,0.32284182860197186,0.17696398271472383,0.20592967620217106,0.22172780522678032,0.19716708625201698,0.15275850720574877,0.06353888581172841
729.968,0.47913912778343876,0.2219455762266808,0.09700325020410128,0.1470017684798661,0.13286286011648984,0.12276352774658635,0.09155500026829852,0.03274367706058586
740.018,0.36042308187896516,0.13723723596077977,0.04848283536504979,0.09638295931304715,0.0703289154000262,0.07191618609708758,0.05048745184789913,0.01493557573562628
