Wavelength (nm),EQE pixel 1,EQE pixel 2,EQE pixel 3,EQE pixel 4,EQE pixel 5,EQE pixel 6,EQE pixel 7,EQE pixel 8
710.026,0.6060717220027081,0.39087006950191266,0.3030108643702683,0.2819458302165116,0.3845248266336239,0.34757385789806255,0.31317848458894987,0.14800851601252016
720.012,0.5508237033023624,0.2858808614319028,0.18135669139733182,0.21434789476785562,0.27142080972910015,0.2221952395913928,0.20760962927374552,0.08870953797366178
729.991,0.4764888775607069,0.18938642647834483,0.09893371226701755,0.1516018001302124,0.17016719570764377,0.13037922821367356,0.12726866333375408,0.047486287113957505
739.964,0.38506789719434437,0.11277954771223592,0.05107277351654138,0.09824200127108396,0.09421200282498357,0.0708701814602377,0.07158352099193474,0.022754906396271386
