Wavelength (nm),EQE pixel 1,EQE pixel 2,EQE pixel 3,EQE pixel 4,EQE pixel 5,EQE pixel 6,EQE pixel 7,EQE pixel 8
710.026,0.410162696442376,0.31795057199025284,0.4093686826740121,0.3395691336106163,0.27737899291153895,0.36056222566421575,0.3753029206298301,0.3807041027989509
720.012,0.40381278873246446,0.31123264377407917,0.3970369595157851,0.3232381000768452,0.27501596815267093,0.3466188577618996,0.3637921181197164,0.3553108914496627
729.991,0.39279651547141037,0.2992970596346972,0.37532311369049276,0.30065983569605076,0.26838209332543667,0.32383394750055355,0.3454904867100174,0.3184878837457893
739.964,0.3758916990797455,0.28255630935906173,0.34399310983104386,0.26933161542152506,0.25863181976480254,0.294039928571875,0.31787097645858514,0.27092903013908753
