Wavelength (nm),EQE pixel 1,EQE pixel 2,EQE pixel 3,EQE pixel 4,EQE pixel 5,EQE pixel 6,EQE pixel 7,EQE pixel 8
710.006,0.3057370612516088,0.28681181523197047,0.38367345963855265,0.2654570369484934,0.28532817332925686,0.38588849261831976,0.39430611054784026,0.3398426587585323
719.99,0.2959888730058652,0.27505446745499024,0.36060165476669714,0.2527950130052032,0.27017946551328664,0.3594577323143686,0.36025320515496223,0.3141939738608707
729.968,0.2817895450178053,0.2587315506549251,0.331625555563187,0.23281984770552827,0.25082846976284134,0.32384321074026984,0.3193336247650872,0.28215561862630634
740.018,0.26058528633633166,0.2353701050848625,0.2931555464500079,0.20346400176103863,0.2241004434810066,0.27506147819447235,0.26896880996043926,0.2404821753109273
