Wavelength (nm),EQE pixel 1,EQE pixel 2,EQE pixel 3,EQE pixel 4,EQE pixel 5,EQE pixel 6,EQE pixel 7,EQE pixel 8
729.968,0.240030852376483,0.007712362673647421,0.004978432233697443,0.014646194227569366,0.008219928522111576,0.0042730584091250304,0.0034340590160984175,0.004522856276872716
740.018,0.1327366779425594,0.004509305731741555,0.0029614902550554314,0.010525360652656301,0.00498643681477199,0.002745962473190963,0.0022865441132121425,0.0030938029881115337
749.981,0.06996968852514346,0.0030153250191904046,0.00229538528951714,0.00732371901750199,0.003242695588561691,0.0020661023813174566,0.0018047055751934174,0.0023889795527786166
