Wavelength (nm),EQE pixel 1,EQE pixel 2,EQE pixel 3,EQE pixel 4,EQE pixel 5,EQE pixel 6,EQE pixel 7,EQE pixel 8
709.971,0.3143636480383133,0.14184017803093746,0.06349347873201258,0.040724567187954086,0.5428234984718884,0.29219968977157496,0.14989039215518937,0.04595020178763094
720.031,0.23364323778686852,0.08766578902783743,0.03814010619141688,0.02190372724926657,0.4823661670507947,0.19879024982830076,0.08812485909589997,0.025078333586062394
730.006,0.15525756278654765,0.05132065352187106,0.023105525235803615,0.011944710740115109,0.3963599022560469,0.12086707212276672,0.04663402048214815,0.013678784666572167
739.974,0.09055722336356391,0.028230633675586963,0.013368312032566108,0.006620762013047189,0.29560636695480835,0.06662570636469237,0.02267095648132411,0.007380044465328255
