Wavelength (nm),EQE pixel 1,EQE pixel 2,EQE pixel 3,EQE pixel 4,EQE pixel 5,EQE pixel 6,EQE pixel 7,EQE pixel 8
710.026,0.46109237224098626,0.41331643145499253,0.390008582866541,0.3716862913893723,0.2634345816554253,0.4977083152579011,0.448740015542255,0.45419226020705067
720.012,0.444984456229169,0.3971422791348836,0.367304167618537,0.3494610005697912,0.2516614024166379,0.47418838212671865,0.4171018190477763,0.41993695041252377
729.991,0.4220493875775259,0.3740024131169354,0.33780492385104605,0.3233671651481046,0.2366014986687423,0.4415711523624948,0.37612926891554965,0.37685974574332115
739.964,0.3895733413354446,0.34125015250429247,0.30150503450004673,0.29087039076735444,0.21922962040317634,0.39760732832972095,0.32548088679271076,0.3229569116478257
