Wavelength (nm),EQE pixel 1,EQE pixel 2,EQE pixel 3,EQE pixel 4,EQE pixel 5,EQE pixel 6,EQE pixel 7,EQE pixel 8
730.006,0.40355422752820985,0.2962623192272495,0.2032494305814943,0.35898749968989485,0.360926446364428,0.289765678122081,0.36471112541989065,0.3395916984806292
739.974,0.34908578744281643,0.240232592603043,0.17648651782332092,0.3150395587622046,0.30998610097117935,0.23414208051448337,0.28846437024483257,0.26676062069756085
750.014,0.26828362708003217,0.17598530546058172,0.13904128474906705,0.2540211700713643,0.2425380431886536,0.17075361771518674,0.20009353952118664,0.1874367611018391
