Wavelength (nm),EQE pixel 1,EQE pixel 2,EQE pixel 3,EQE pixel 4,EQE pixel 5,EQE pixel 6,EQE pixel 7,EQE pixel 8
730.004,0.007524423459608513,0.006035526330679151,0.00436631047061089,0.004965980127677096,0.006213974165312076,0.005047528994611352,0.004095161667832273,0.004228284666114732
739.972,0.003656584435281993,0.0032097071459658367,0.0027136751951118043,0.0029463584491644227,0.0034222589834887827,0.002918706516851907,0.002388317368784578,0.003003716637860767
750.011,0.002268445886271746,0.002245205713923933,0.0020895563805443207,0.0021758438981376474,0.0023750509143320208,0.00221221902524145,0.0018855021778421824,0.0021531727504334026
