Wavelength (nm),EQE pixel 1,EQE pixel 2,EQE pixel 3,EQE pixel 4,EQE pixel 5,EQE pixel 6,EQE pixel 7,EQE pixel 8
729.991,0.5648694221487364,0.38153498331318414,0.3215024590576658,0.3795314968470789,0.2616078312934616,0.4570662678573005,0.20320829630689846,0.3124501706705137
739.964,0.47800390875209325,0.26405115341098934,0.22286666135588706,0.2916152223229715,0.16805909753575532,0.36349656110807577,0.12896782847556726,0.20680338545977717
750.007,0.36593543630018543,0.16084748434107013,0.14173792871527507,0.20492767805783615,0.09508071667057791,0.26054898727146336,0.07451215765609842,0.1186689644543321
