Wavelength (nm),EQE pixel 1,EQE pixel 2,EQE pixel 3,EQE pixel 4,EQE pixel 5,EQE pixel 6,EQE pixel 7,EQE pixel 8
730.004,0.35254456211550506,0.2545518105462047,0.11392463622549591,0.06628301703430099,0.29067366597545996,0.268741596997185,0.09868208640005392,0.10150883810223135
739.972,0.2690973301228488,0.1760394606812699,0.08877381111907635,0.04845856874141946,0.19174462818125784,0.2012966208280154,0.07470619191366643,0.07613851782789748
750.011,0.19563315884903046,0.11532496756674664,0.062409988092297426,0.032431186593131746,0.11666680380206836,0.14249226261334885,0.05008146193256675,0.05153394314750597
