Wavelength (nm),EQE pixel 1,EQE pixel 2,EQE pixel 3,EQE pixel 4,EQE pixel 5,EQE pixel 6,EQE pixel 7,EQE pixel 8
730.006,0.36781183887769825,0.4142704989707446,0.3962656327985498,0.37147210703140215,0.26634863859276586,0.4068558570234727,0.3669981059732491,0.36823271549512215
739.974,0.3154479461746835,0.36187716960489713,0.3563943016265873,0.3134130937340958,0.2096318970726372,0.34155729319561884,0.3144347974252319,0.31210563327627944
750.014,0.24921927384877737,0.2987783515274337,0.30048785523720656,0.23783813954408747,0.15327533631627055,0.26465250203540713,0.2506106555244819,0.238573670092113
