Wavelength (nm),EQE pixel 1,EQE pixel 2,EQE pixel 3,EQE pixel 4,EQE pixel 5,EQE pixel 6,EQE pixel 7,EQE pixel 8
709.968,0.5208851678032882,0.3956538771425619,0.34409721357439466,0.42509682831600076,0.3919054141433087,0.36619151745119494,0.2192540242402945,0.31928937362994486
720.029,0.48282081205357724,0.30259600339554693,0.2551871493940395,0.3804241812565272,0.32273131456022486,0.28334236428544424,0.13587874370291697,0.23556064643330615
730.004,0.42157359798388694,0.20897399834007893,0.1736502391169771,0.3184298963573029,0.24326341990211933,0.1984955359851757,0.08013899373288441,0.1531086689419684
739.972,0.3380130507741838,0.12891375487904205,0.1127638293870094,0.24410690938330454,0.16464740149720788,0.12442422130362121,0.0443644372581371,0.08464129506675107
