Wavelength (nm),EQE pixel 1,EQE pixel 2,EQE pixel 3,EQE pixel 4,EQE pixel 5,EQE pixel 6,EQE pixel 7,EQE pixel 8
730.006,0.2199622368326504,0.1669562042540073,0.2715092462794337,0.24509143441020137,0.30217872674607177,0.31990397223761796,0.28427355553676353,0.2694168011365803
739.974,0.19519942796184783,0.09393959158149116,0.21381834451540485,0.18280716259586977,0.2419123791483073,0.2827397031417047,0.23856941328134726,0.20338830216252554
750.014,0.16229231591856252,0.04557225658502912,0.15449235486548052,0.11783482411093399,0.17034754182712286,0.23290626307466583,0.1768927848110517,0.1358564378131977
