Wavelength (nm),EQE pixel 1,EQE pixel 2,EQE pixel 3,EQE pixel 4,EQE pixel 5,EQE pixel 6,EQE pixel 7,EQE pixel 8
710.026,0.19189868385218511,0.39788213586043,0.22804131561704702,0.40105139945771245,0.3927122400783689,0.3997866988932498,0.34938715201627224,0.3055910125261313
720.012,0.13149449512219996,0.34729459337671337,0.13559209101927036,0.30208422726929657,0.36962404731595466,0.37248873702094676,0.32647346497102714,0.2876491171411683
729.991,0.08096071277835164,0.2855903745064135,0.07310570319253523,0.20626693830737755,0.3393148445839178,0.33805981224458326,0.2949631277072661,0.26394746932035495
739.964,0.043771328745436475,0.21586706218730833,0.03640280080518821,0.12436914728403235,0.2995290306451395,0.2948991365130661,0.25455115289094055,0.23336732118435172
