Wavelength (nm),EQE pixel 1,EQE pixel 2,EQE pixel 3,EQE pixel 4,EQE pixel 5,EQE pixel 6,EQE pixel 7,EQE pixel 8
729.991,0.3821808201011985,0.1536503067641388,0.13899047848540896,0.05050216867324506,0.4817476682531561,0.000982765137510493,0.05532193422487251,0.03539798264387308
739.964,0.2629371883885677,0.08403033042539176,0.08622210866377478,0.03063974314171458,0.36961449915236744,0.0009893937692024206,0.0263985106453006,0.015511009637105225
750.007,0.15565196450055924,0.040472588567631876,0.04881665532299606,0.0173864730314059,0.24328660258002924,0.0009381882265680697,0.011824857716966666,0.006694850196381135
