Wavelength (nm),EQE pixel 1,EQE pixel 2,EQE pixel 3,EQE pixel 4,EQE pixel 5,EQE pixel 6,EQE pixel 7,EQE pixel 8
710.026,0.5663315926756276,0.478997467446549,0.4137501338089318,0.41426563543256617,0.40235280025252657,0.38896074844103373,0.35481621568197114,0.5231314865133497
720.012,0.5237368782303681,0.41330058327052377,0.3620437135338367,0.3623585889078417,0.293568473021902,0.2829048017664992,0.2721652201064378,0.46305447940205874
729.991,0.4620991916965524,0.3477247109838056,0.3054422809999171,0.30232598679990375,0.19544193101887408,0.18755017661251713,0.19540271104516477,0.38652954587818134
739.964,0.3823009716785138,0.2831608726210572,0.24245139595287726,0.23494873013099798,0.11967581193565356,0.11227882520407223,0.1285073202570577,0.29758975837251694
