Wavelength (nm),EQE pixel 1,EQE pixel 2,EQE pixel 3,EQE pixel 4,EQE pixel 5,EQE pixel 6,EQE pixel 7,EQE pixel 8
710.026,0.630622908868221,0.6228806114203136,0.5378576133787832,0.22427196874886163,0.5728406166954846,0.40311210049527585,0.19812708685953814,0.18509055573377486
720.012,0.6110346536996347,0.6026696931202499,0.511386085101869,0.17995650348748654,0.5020070401121155,0.32152939847422823,0.1621601581817414,0.149433794299088
729.991,0.5790819707540962,0.5655476126019183,0.47896772779646646,0.14294193966651822,0.4264159044037061,0.2531369317878853,0.1341435284286488,0.12137419203418334
739.964,0.5346256922651895,0.5114160009930978,0.4383920238021727,0.10829662595693854,0.34693047453469056,0.19081523617280083,0.10717298559313357,0.0939723672171729
