Wavelength (nm),EQE pixel 1,EQE pixel 2,EQE pixel 3,EQE pixel 4,EQE pixel 5,EQE pixel 6,EQE pixel 7,EQE pixel 8
729.968,0.0072349622339755795,0.005995570144250578,0.0053539989534859165,0.0065068647013896905,0.007573675200497094,0.0059441564895940805,0.00568199388668699,0.005861179401288106
740.018,0.0035061851250174744,0.0031337841687208785,0.003041633497813907,0.003522493007242037,0.003551306450394922,0.003158702926685119,0.003136898915206073,0.0033530906912384857
749.981,0.0023549445210478354,0.0021879682548003165,0.0022233791904447396,0.002431693782944391,0.0023179388889592884,0.002246242212069899,0.00228231182336415,0.0023686717643512482
