Wavelength (nm),EQE pixel 1,EQE pixel 2,EQE pixel 3,EQE pixel 4,EQE pixel 5,EQE pixel 6,EQE pixel 7,EQE pixel 8
729.968,0.033456964793372485,0.033706297798649115,0.01682549722886582,0.020369477067345876,0.24222497942598617,0.01785141742315114,0.010195348486047242,0.010294540830016071
740.018,0.022308761747534118,0.01907029523822262,0.010847919998056616,0.013582320690644375,0.19881086908823495,0.010105289177953718,0.005513489390506506,0.006232040146869227
749.981,0.014669746282881308,0.010535260191385605,0.0074567567627499744,0.008655378882073905,0.14924214249406736,0.005872326724835802,0.003414889125505758,0.003919854432222359
