Wavelength (nm),EQE pixel 1,EQE pixel 2,EQE pixel 3,EQE pixel 4,EQE pixel 5,EQE pixel 6,EQE pixel 7,EQE pixel 8
730.001,0.538571568485423,0.3867466955696104,0.0712645870042563,0.05209822196408199,0.2762239554138025,0.0957137743806968,0.14544109735949554,0.06352527683220092
739.969,0.5019125328924023,0.35216377302693863,0.03715420858540974,0.026625614071207032,0.1975654388863193,0.05286730256210556,0.09465973284302148,0.029451378310211683
750.008,0.4408727302245652,0.30478350910628016,0.017718902626094296,0.01223089355689367,0.1275309285526718,0.026838942656174723,0.05726807005556634,0.01260879006372701
