Wavelength (nm),EQE pixel 1,EQE pixel 2,EQE pixel 3,EQE pixel 4,EQE pixel 5,EQE pixel 6,EQE pixel 7,EQE pixel 8
709.968,0.5204042741325547,0.40467769773036605,0.44832801674845324,0.4089148789132421,0.4418947382114947,0.38084611719869055,0.4286957429825505,0.43713654464280205
720.029,0.48298721596850935,0.3766584098205498,0.43093795955339353,0.39035404747098035,0.4142177752458068,0.3587571181018204,0.40906873504998503,0.40327389678470144
730.004,0.43128140971517687,0.3444394172463854,0.4070842367174788,0.3557483380487092,0.3796895866132922,0.33158146786870907,0.37627351351356253,0.3560031829861062
739.972,0.36022605819105,0.3054842734880826,0.358144278884069,0.30777771730504333,0.33053774047924767,0.29578231318964215,0.3263020436148773,0.29364141907395525
