Wavelength (nm),EQE pixel 1,EQE pixel 2,EQE pixel 3,EQE pixel 4,EQE pixel 5,EQE pixel 6,EQE pixel 7,EQE pixel 8
729.968,0.012980614583047587,0.018611150652181448,0.007860809570955123,0.005233586659685166,0.013306808192576762,0.015178498936165453,0.005695483456583874,0.004255808910902689
740.018,0.005292901248201501,0.006655117712545098,0.0037041138298427216,0.0027901901438437547,0.0050476860619213335,0.005601486806624344,0.0029863828453215143,0.0025418089620213163
749.981,0.002792706788325495,0.0031664428426601875,0.002369348455325773,0.0019812162124348974,0.0026763343833250755,0.002848852591364252,0.0021400955825233744,0.0019954921128612886
