Wavelength (nm),EQE pixel 1,EQE pixel 2,EQE pixel 3,EQE pixel 4,EQE pixel 5,EQE pixel 6,EQE pixel 7,EQE pixel 8
729.968,0.38755130861009185,0.3529643727537951,0.3667774662881994,0.38670143976609733,0.2344402241699385,0.3572736851654821,0.3690093830145315,0.37723003140189487
740.018,0.34829780384661846,0.31770770292306977,0.31993922739441977,0.3396306037500932,0.21463961164969725,0.3118639040541375,0.31067533194041025,0.32473991531756913
749.981,0.29078514213896434,0.2641969404689188,0.25794787250012563,0.27411135840354417,0.18603313717328332,0.2486866335927103,0.2386205138180774,0.25477479693124505
