Wavelength (nm),EQE pixel 1,EQE pixel 2,EQE pixel 3,EQE pixel 4,EQE pixel 5,EQE pixel 6,EQE pixel 7,EQE pixel 8
729.991,0.40820877064561595,0.0008940106712780665,0.26598455304955076,0.03251695808947867,0.13003541967243412,0.41940037720321005,0.4478197860577995,0.030662684273665204
739.964,0.3747488049047757,0.0008440542957566428,0.16240625405057427,0.018819166746270127,0.12563177508565182,0.39154605921679103,0.33687154214613796,0.016203421647565372
750.007,0.31757143121179304,0.0007882721105882638,0.08325940775222215,0.010088293399866034,0.11553536423414079,0.34346163217227765,0.22038426665576635,0.007277020405006629
