Wavelength (nm),EQE pixel 1,EQE pixel 2,EQE pixel 3,EQE pixel 4,EQE pixel 5,EQE pixel 6,EQE pixel 7,EQE pixel 8
729.968,0.15616290501113012,0.02445118111266518,0.022286181476076024,0.010742911219181629,0.023045797246335296,0.028917738756028818,0.026010093328960444,0.016669048174870044
740.018,0.1106204854544047,0.01563345611341217,0.011566160389132649,0.006385665356281099,0.014762576180622803,0.01570610072575838,0.013776503033948033,0.009424976849536823
749.981,0.07304067409132015,0.009875777588549189,0.006241383510253429,0.003955919458015459,0.009229476130353862,0.008569450502130507,0.007126838070977784,0.005249208318235338
