Wavelength (nm),EQE pixel 1,EQE pixel 2,EQE pixel 3,EQE pixel 4,EQE pixel 5,EQE pixel 6,EQE pixel 7,EQE pixel 8
729.968,0.21433338766706334,0.09583158284553879,0.07715629439703002,0.05592639377062572,0.31783105762839525,0.23140779855323032,0.13655392332513142,0.009035294747734493
740.018,0.1948474591385203,0.07622113809048875,0.06123680401845065,0.04532521464146205,0.28098969000493546,0.20527820685906228,0.09548642581283598,0.004644274811971154
749.981,0.165033745649575,0.054582430567237814,0.04380799219722744,0.03412566378280738,0.22677947172632526,0.16750149128108213,0.05993754776284963,0.0013460524757750955
