Wavelength (nm),EQE pixel 1,EQE pixel 2,EQE pixel 3,EQE pixel 4,EQE pixel 5,EQE pixel 6,EQE pixel 7,EQE pixel 8
710.006,0.6179472004858977,0.5379909676738278,0.5386421099428129,0.5569558078121346,0.5747467784042425,0.5855881988936323,0.5229362580621071,0.5288625127837108
719.99,0.5856110880319565,0.4945755895478325,0.49944752923692515,0.5203888213796843,0.5327602921129765,0.5264172669909883,0.46483430048773533,0.4922060879340232
729.968,0.5378033923672382,0.43851918557621444,0.44813522463844385,0.4661024211440974,0.47356588297681546,0.44911078726676,0.39541002089074384,0.4406713566592233
740.018,0.4688140493515811,0.36716842763280855,0.38113165619191275,0.3901672303788942,0.39321902238510265,0.35561826200627383,0.3136501225971852,0.3682553246800852
