Wavelength (nm),EQE pixel 1,EQE pixel 2,EQE pixel 3,EQE pixel 4,EQE pixel 5,EQE pixel 6,EQE pixel 7,EQE pixel 8
709.971,0.4169077732772876,0.3835228757489746,0.387482633721866,0.384581967385146,0.4924842068182571,0.4535413041409023,0.3408222011966205,0.3835851093526848
720.031,0.4016995080057194,0.3665464116693982,0.36640992031789893,0.3637100337163763,0.47533443670984726,0.4325133207131076,0.31923568472715097,0.3560388809030269
730.006,0.38002072982464735,0.3406805253749982,0.3357153955119546,0.33485250726056537,0.4466782024905188,0.39888165618613886,0.2895430781025682,0.31984953959492135
739.974,0.3516506335036267,0.3046065662969513,0.29722573586705625,0.2969122249142829,0.40686799789968847,0.35204194086854196,0.2501617134178047,0.27557236354684506
