Wavelength (nm),EQE pixel 1,EQE pixel 2,EQE pixel 3,EQE pixel 4,EQE pixel 5,EQE pixel 6,EQE pixel 7,EQE pixel 8
730.004,0.07644396034380765,0.05805882546455195,0.036417720272153634,0.031487088472411426,0.38625587936097205,0.09054609980238729,0.03563810502541737,0.024562197989848992
739.972,0.052506200796118924,0.03331612382766372,0.02385291876838778,0.02130548332749414,0.3164110250394949,0.0678620219849595,0.023326672119954536,0.015555162794354727
750.011,0.032600623801382074,0.018298611763955055,0.015615804337294854,0.013899649281290725,0.23275625289754504,0.046434640307111,0.01484809892497365,0.009749257269173696
