Wavelength (nm),EQE pixel 1,EQE pixel 2,EQE pixel 3,EQE pixel 4,EQE pixel 5,EQE pixel 6,EQE pixel 7,EQE pixel 8
729.968,0.21121245981077696,0.2109336134669052,0.1412872863286406,0.29479043161778046,0.20199447719891941,0.23366819877554282,0.08152905619736876,0.12608485527217392
740.018,0.12294690776233501,0.12584378381438543,0.09227498169787969,0.21173020956458521,0.11324628873628957,0.14492112102864593,0.043648088244020965,0.06894090907963905
749.981,0.06215780788631181,0.067203152570257,0.0565961989661345,0.13709488150269658,0.05495073310366787,0.08066274507413203,0.021540150282879346,0.03394601640616926
