Wavelength (nm),EQE pixel 1,EQE pixel 2,EQE pixel 3,EQE pixel 4,EQE pixel 5,EQE pixel 6,EQE pixel 7,EQE pixel 8
729.968,0.3756842466636448,0.3243498284571213,0.5498271367987001,0.4304158099618772,0.33010733775569545,0.2695320978506385,0.4060883918268568,0.44579261110970375
740.018,0.2625546770903116,0.2193608733133267,0.45900777292550554,0.31174052625772986,0.23600240479284798,0.16524532166835668,0.3610413476685625,0.4068076951487342
749.981,0.16120160349310822,0.1309976897482558,0.34241831129024897,0.19307356120849745,0.14945016238515244,0.08626764179601626,0.2951006954828752,0.34594906029095895
